Serial No.,Barcode,Roll No,Booklet Code,Q1,Q2,Q3,Q4,Q5,Q6,Q7,Q8,Q9,Q10,Q11,Q12,Q13,Q14,Q15,Q16,Q17,Q18,Q19,Q20,Q21,Q22,Q23,Q24,Q25,Q26,Q27,Q28,Q29,Q30,Q31,Q32,Q33,Q34,Q35,Q36,Q37,Q38,Q39,Q40,SKEW,SKEW,SKEW,SKEW
1,101162,*500231,B,4,1,1,2,3,4,1,2,1, ,2, , ,4, , , , , , , , ,1,1,4, , ,1,1, ,4, ,3, , , ,1,2, , ,0,0,0,0
2,101163,8500232,A,4,4,1,3,2,4,1,4,2,3,1,3,3,2,3,3,1,2,1,1,3,1,2,3,2,1,4,3,3,2,2,3,3,3,2,1,4,3,4,3,0,0,0,0
3,101165,8500234,A,3,4,2,4,2,4,3,3,4,3,2,3,4,3,1,3,2,3,2,3,1,4,1,4,2,3,2,3,1,3,2,4,3,4,2,4,3,3,3,1,0,0,0,0
4,101166,8500235,B,3,4,3,4, ,4,1,4,1,1,1,1,1,1,1,1,3,2,1,1,2,2,2,2,2, , , ,2,2, , , , ,3, , ,2,3, ,0,0,0,0
5,101167,8500236,A,2,1,4,3,2,2,4,3,4,2,3,2,3,4,2,4,1,1,1,3,4,3,2,3,2,3,2,1,2,2,2,3,4,3,2,3,2,3,1,3,0,0,0,0
6,101168,8500237,B,3,2,1,2,4,4,1,2,2,1,3,4,4,3,1,2,4,3,3,2,4,3,1,2,4,2,4,2,2,2,3,2,1,2,3,3,2,4,2,3,0,0,0,0
7,101170,8500239,B,3,2,2,4,4,3,4,2,2,1,2,3,1,2,4,4,1,1,4,1,3,4,3,1,4,2,3,3,4,4,4,2,2,3,1,4,1,1,1,3,0,0,0,0
8,101174,8500243,B,2,2,3,3,3,4,4,3, ,2,1,4,2,3,2,2,4,2,1,1,4,2,3,2,2,2,2,3,2,4,3,2,2,3,3,1,2,2,3,4,0,0,0,0
9,101176,8500245,B,3,2,1,2,4,4,1,2,4,1,3,3,4,3,2,2,4,3,3,4,4,2,1,3,2,2,4,2,2,2,3,2,1, ,3,3, ,4,2, ,0,0,0,0
10,101181,8500250,A,2,4,4,3,2,1,4,4,2,3,2,1,1,2,1,2,1,3, ,4,1,4,3,4,2,1,3,1,2,2,4,3,2,2,4,2,2,3,3,1,0,0,0,0
11,101182,8500251,B,2,2,1,3,3,1,4,2,3,2,1,4,2,3,2,2,4,2,1,1,4,2,3,2,2,2,2,3,2,4,3,2,2,3,3,1,3,3,3,4,0,0,0,0
12,101183,8500252,A,2,1,4,4,2,1,*,*,2,3,1,2,1,*,1,*,2,2,2,3,*,2,3,*,4,*,2,3,*,*,*,4,*,*,*,2,*,*,1,*,0,0,0,0
13,101185,8500254,A,3,1,4,3,2,2,4,3,2,1,1,2,3,4,1,1,2,3,3,4,4,1,1,4,4,4,2,4,1,1,1,3,2,3,4,3,2,4,1,1,0,0,0,0
14,101186,8500255,B,2,4,4,1,4,1,1,2,2,2,2,2,2,2,2,2,2,2,4,3,1,2,4,2,4,2,2,2,4,3,2,3,2,2,2,2,2,3,2,3,0,0,0,0
15,101187,8500256,A,2,4,4,4,3,1,2,3,4,4,1,2,3,1,1,1,2,3,2,4,3,4,2,2,4,4,3,1,2,2,3,4,4,1,4,1,3,3,3,2,0,0,0,0
16,101189,8500258,A,2,4,4,4,2,1,2,4,2,1,3,1,4,1,4,2,3,4,2,4,1,3,2,3,4,1,2,2,3,4,3,4,1,4,2,2,4,1,3,2,0,0,0,0
17,101192,8500261,B,4,4,3,2,4,1,4,2,3,1,2,2,4,4,2,3,4,2,1,4,2,2,3,2,4,2,2,1,1,4,4,2,3,4,3,3,3,2,1,4,0,0,0,0
18,101194,8500263,B,4,2,4,2,3,4,4,2,2,3,2,3,2,2,3,2,3,3,3,2,4,2,2,3,3,2,4,1,3,4,3,4,2,3,1,3,2,2,1,4,0,0,0,0
19,101196,8500265,B,3,4,3,2,4,1,3,2,1,3,2,1,2,2,3,1,3,4,4,1,1,4,3,3,4,1,2,4,3,3,4,4,1,1,3,1,2,3,2,3,0,0,0,0
20,101200,8500269,B,1,4,4,2,3,2,4,2,1,1,4,1,1,1,2,2,4,3,1,3,1,2,3,4,4,2,2,1,1,2,3,4,1,1,3,4,1,1,2,2,0,0,0,0
21,101201,8500270,A,1,4,4,4,4,2,3,4,3,3,1,2,1,3,4,1,1,3,4,3,3,1,1,4,2,2,2,2,1,4,2,4,4,3,2,1,4,2,2, ,0,0,0,0
22,101204,8500273,B,2,2,3,2,4,4,3,2,1,1,1,1,2,3,1,3,3,2,1,4,3,2,3,4,3,3,2,1,1,4,3,2,1,2,1,4,1,2,1,4,0,0,0,0
23,101205,8500274,A,2,2,3,1,2,1,2,2,2,4,3,1,4,2,1,3,2,2,1,3,1,2,3,1,2,3,2,3,2,3,4,1,4,2,3,2,2,3,3,2,0,0,0,0
24,101207,8500276,A,2,4,4,3,2,1,3,4,4,1,1,4,1,1,1,1,2,3,2,4,1,1,2,3,2,4,2,2,2,4,2,3,1,4,2,3,1,3,3,3,0,0,0,0
25,101209,850*278,A,4,4,2,2,3,4,2,3,3,1,1,2,4,2,1,2,2,3,1,4,3,4,1,2,4,4,4,4,3,2,2,4,3,2,3,2,2,2,2, ,0,0,0,0
26,101213,8500282,A, , , , ,2,4, ,4,1, , , , , , , ,2,3,1,4, ,1,2,4,4,3,2,4,3,1,3,4,3,1,2, ,1,3,1,3,0,0,0,0
27,101215,8500284,A,3,4,3,4,2,1,2,2,3,2,1,1,1,2,1,4,2,3,2,4,1,1,2,4, ,4,2, ,1, ,2, ,1, ,2, , ,3,4, ,0,0,0,0
28,101216,8500285,B,4,1,1,2,3,2,3,2,2,1,1,3,2,1,4,2, , , , , , , , , , , , , , , , , , , , , , , , ,0,0,0,0
29,101221,8500290,A,4,1,4,4,2,4,4,4,3,2,3,3,4,2,1,2,2,1,4,4,2,3,2,4,4,1,4,2,2,*,2,4,3,2,1,3,1,1,2,1,0,0,0,0
30,101222,8500291,B,3,1,1,2,4,4,4,2, ,1,2,3,4,3,1,2,2,2,1, ,4,4,3,2,3,2,4,2,2,2,1,1,3,1, ,2,1,1, ,1,0,0,0,0
31,101224,8500293,B,4,1,4,2,1,2,3,4,1,1,1,4,2,1,2,2,1,1,4,2,4,2,3,1,4,2,4,1,1,4,4,4,2,1,3,4,1,3,4,3,0,0,0,0
32,101225,8500294,A,2,4,4,4,2,2,1,3,3,1,1,4,1,1,3,2,4,3,2,4,1,1,2,4,2,4,2,2,3,1,3,4,1,1,2,4,1,3,2,3,0,0,0,0
33,101226,8500295,B,2,1,2,4,3,1,4,4,3,1,3,1,4,1,2,4,1,2,1,1,1,2,3,2,2,3,4,4,4,2,3,1,3,4,3,2,2,2,2,3,0,0,0,0
34,101228,*500297,B,2,2,3,3,4,3,4,2,1,1,1,1,2,4,4,4,3,2,1,1,4,2,3,4,4,2,4,3,3,3,1,4,3,1,3,3,3,3,1,4,0,0,0,0
35,101229,8500298,A,3,4,2,4,2,1,4,2,3,2,2,2,1,1,2,2,3,3,1,3,1,2,4,4,2,4,4,4,1,4,3,2,4,2,1,4,3,4,1,3,0,0,0,0
36,101230,8500299,B,4,3,1,1,3,4,4,2,4,3,3,4,2,1,4,4,3,2,4,4,4,4,4,1,4,1,4,2,2,1,4,2,3,1,1,1,4,1,1,2,0,0,0,0
37,101231,8500300,A,2,2,*,3,2,2,*,4,4,3,3,4,2,2,1,1,1,1,2,1,3,1,2,3,2,2,3,4,2,3,2,4,3,3,2,1,3,1,3,2,0,0,0,0
38,101232,8500301,B,2,4,1,3,3,1,4,3,1,1,3,4,2,3,2,3,3,3,4,2,4,2,2,2,4,2,2,3,2,2,4,2,4,3,3,1,2,2,2,2,0,0,0,0
39,101234,8500303,B,3,2,3,2,4,4,3,4,2,1,2,1,2,2,3,4,4,2,4,3,3,3,1,4,4,2,1,2,4,2,3,2,2,4,1,1,2,2,4,3,0,0,0,0
40,101235,8500304,A,2,4,2,3,3,4,3,2,3,1,3,1,2,2,1,1,2,4,3,4,1,1,2,3,2,4,2,4,2,2,2,4,1,3,2, ,3,4,4,2,0,0,0,0
41,101236,8500305,B,2,4,4,2,2,4,1,2,2,1,2, , , ,3,2, , , , ,3, ,1,2,4,1,1,1,2,2,4,2, , , , , , , , ,0,0,0,0
42,101242,8500311,A,3,2,3,2,4,4,3,4,2,1,2,1,2,2,3,4,4,2,4,3,3,3,1,4,4,2,1,2,4,2,3,2,2,4,1,1,2,2,4,3,0,0,0,0
43,101243,9500362,A,2,4,2,3,3,3,2,2,3,1,3,1,2,2,1,1,2,4,2,1,1,1,2,3,1,4,2,4,2,2,2,4,1,3,2,2,3,3,1,3,0,0,0,0
44,101246,8500315,B,2,4,3,2,4,4,4,2,2,4,2,1,4,1,3,4,3,2,1,1,4,3,3,3,4,2,4,3,2,3,4,2,3,1,3,3,1,1,1,3,0,0,0,0
45,101251,8500320,A,2,4,4,4,2,1,3,2,3,3,1,4,3,4,1,2,2,3,3,4,2,1,2,4,4,3,4,4,1,4,2,4,1,1,1, , , , , ,0,0,0,0
46,101253,8500322,A,2,4,2,3,2,2,2,4,2,3,2,2,4,1,1,1,2,3,2,4,1,1,2,2,4,1,2,1,2,4,2,3,1,4,2,2,3,3,4,3,0,0,0,0
47,101254,8500323,B,2,3,1,2,4,4,4,3,4,1,2,4,4,1,4,3,3,2,1,3,4,2,3,4,4,3,4,3,4,2,4,2,3,4,3,3,4,2,1, ,0,0,0,0
48,101260,8500329,B,4,2,4,2,4,4,1,2,2,1,2,1,2,2,2,3,4,2,1,1,4,2,3,4,3,2,1,2,3,2,3,4,2,1,3,2,2,2,1,1,0,0,0,0
49,101262,8500331,B,3,2,4,1,2,3,4,2,2,1,2,4,4,1,3,2,4,3,2,4,3,4,4,1,2,4,2,3,4,4,3,2,4,2,2,4,1,3,4,2,0,0,0,0
50,101266,8500335,B, , , ,2,1, , ,2,2,1,2,1,4,1,2,3, , ,1, ,2,2,4,1, ,2, , , , , , ,2,2,3,4,2,2,1,4,0,0,0,0
51,101267,8500336,A,2,4,4,4,3,1,4,3,3,1,2,4,3,2,1,4,2,3,3,4,1,3,2,4,2,4,2,3,3,2,2,4,1,1,2,3,4,3,1,1,0,0,0,0
52,101268,8500337,B,3,3,4,2,4,4,4,2,2,1,2,1,3,1,2,1,3,3,2,2,1,2,3,2,2,4,2,3,3,2,3,2,1,3,3,2,1,2, ,1,0,0,0,0
53,101269,8500338,A,4,4,4,4,2,1,2,1,4,2,3,2,4,2,1,3,4,1,3,3,2,4,3,4,4,2,4,2,3,4,2,4,1,1,2,3,1,1,3,3,0,0,0,0
54,101270,8500339, ,3,2,4,3,4,4,2,2,2,1,2,3,4,2,4,3,4,2,3,3,4,2,3,3,4,2,4,4,4,1,1,2,2,1,2,1,3,2,4,2,0,0,0,0
55,101275,8500344,A,3,3,4,4,2,1,2,4,2,1,2,2, ,1,3,3,2,3,2,4,4,2,3,1,4,4, ,3, ,4,3,4,3,3,4,2,3,3,2,3,0,0,0,0
56,101279,8500348,A,2,4,4,4,2,4,3,1,3,1,3,1,1,2,1,2,4,1,2,1,4,4,2,4,4,3,2,2,3,3,2,1,2,4,2,1,3,3,1,2,0,0,0,0
57,101280,8500349,B,2,4,4,2,3,4,4,2,3,4,4,4,3,2,1,2,4,1,2,4,3,2,3,3,3,2,4,2,4,1,3,2,3,2,2,2,3,3,1,3,0,0,0,0
58,101281,8500350,A,2,4,4,1,2,3,4,3,2,2,3,1,4,2,1,1,4,4,2,4,4,4,2,4,2,2,4,4,2, ,2,3,1,2,1,3,3,3,4,1,0,0,0,0
59,101283,8500352,A,2,4,4,4,2,3,1,2,1,1,1,2,3,4,1,1,4,3,4,1,2,2,1,4,2,3,3,2,1,2,3,2,3,3,2,1,2,1,3,2,0,0,0,0
60,101285,8500354,A,3,4,1,4,4,2,3,1,2,2,3,2,3,4,2,1,4,3,4,1,2,2,1,4,2,3,1,4,1,2,3,2,3,3,2,3,4,1,2,3,0,0,0,0
61,101289,8500358,A,4,3,1,4,2,1,2,3,3,4,3,3,1,2,1,1,2,3,2,3,2,1,2,4,4,4,2,1,4,1,2,4,3,2,3,2,2,1,3,2,0,0,0,0
62,101290,8500359,B,2,4,1,2,1,1,4,2,2,1,2,1,4,1,1,1,4,2,1,1,4,2,3,4,3,2,4,3,3,2,4,4,3,4,1,2,1,2,1,4,0,0,0,0
63,101291,8500360,A,2,4,1,4,3,1,1,3,3,3,1,1,1,2,1,4,2,1,2,3,1,1,2,3,4,2,2,2,3,2,2,4,4,4,1,1,3,3,1,4,0,0,0,0
64,101292,8500361,B,4,1,4,4,2,3,4,2,2,4,3,1,4,2,4,1,4,2,1,4,4,2,2,4,3,2,2,2,3,2,3,4,3,4,2,1,2,1,2,1,0,0,0,0
65,101294,8500363,B,4,2,3,2,4,4, ,2, ,4,2, ,2,4,2,2,4,2,4,4,3,4,1,3,4,4,2,1,4,4,3,2,1,1,3,2,2,3,2,4,0,0,0,0
66,101296,8500365,B,3,2,3,2,2,4,3,4,3,1,2,3,4,1,3,2,3,4,1,3,4,2,4,2,3,4,3,2,3,3,3,2,1,4,4,3,3,2,1,3,0,0,0,0
67,101299,8500368,A,2,3,2,4,2,4,3,2,2,3,4,2,4,3,2,3,4,2,3,1,3,1,3,3,2,3,4,4,1,4,3,4,3,2,1,3,1,4,3,1,0,0,0,0
68,101300,8500369,B,3,4,4,3,1,4,4,2,2,4,3,3,2,1,4,2,4,4,4,1,1,4,3,2,1,3,3,1,3,3,4,2,3,4,3,2,4,2,4,1,0,0,0,0
69,101301,8500370,A,2,4,4,4,2,3,2,3,4,3,3,4,3,2,2,2,2,3,1,1,4,3,4,3,2,1,3,3,3,3,2,1,4,3,4,1,3,4,4,4,0,0,0,0
70,101302,8500371,B,3,4,4,3,1,4,4,2,2,4,3,3,2,1,4,2,3,4,1,2,3,2,2,2,4,3,3,1,3,2,4,2,3,4,3,2,4,2,3,1,0,0,0,0
71,101305,**00*74,A,2,4,3,4,2,1,3,4,4,3,2,4,4,4,3,2,1,3,4,4,1,4,2,4,2,1,3,2,3,2,2,4,3,1,2,4,3,3,4,2,0,0,0,0
72,101307,8500376,A,2,4,3,4,2,2,3,4,4,3,2,4,4,4,3,2,2,3,2,4,1,1,1,4,2,1,2,2,3,3,2,4,3,1,1,4,3,3,3,3,0,0,0,0
73,101308,8500377,B,4,3,1,2,4,3,3,2,4,3,2,1,3,3,2,1,4,2,4,1,4,2,1,4,4,3,1,3,3,1,3,4,1,4,3,3,1,2,3,4,0,0,0,0
74,101310,8500379,B,3,2,3,2,2,2,4,2,3,4,2,3,4,4,3,3,1,3,1,1,3,2,3,1,4,4,4,2,4,2,3,2,3,3,3,2,2,4,4,3,0,0,0,0
75,101311,       ,A,4,4,1, ,3, , , ,4,3,2,2,3,1,1, ,1,3,3,1, ,4,4, ,2, , , , , , , , , , , , , , , ,0,0,0,0
76,101312,8500381,B,4,4,2,3,1,4,3,2,2,3,2,4,2,1,4,4,3,1,4,1,3,2,3,1,4,2,4,2,2,4,4,2,1,4,1,2,1,3,2,4,0,0,0,0
77,101314,8500383,B,2,4,2,2,4,4,3,2, ,2,2,4,1,1,1,2,3,4,2,2,1,4,1, ,1,4,3,2,2,3, ,4,1,3,1,3, ,3,1, ,0,0,0,0
78,101315,8500384,A,2, ,4,4, , ,1,2,3,4,3,3,2,2,1,3,2,1,2,4,3,4,1,4,4,2,4,1,1,4,1,2,4,3,1, , , , , ,0,0,0,0
79,101316,8500385,B,1,3, ,2,4,4,4,3,2,3, ,4,2,1,4,3,4,2,4,3,4,2,3,2,2,2,2,1,2,4,3,2,2, ,3,3, ,3,3,2,0,0,0,0
80,101317,8500386,A, , , , , , , , , , , , , , , , , , , , , , , , , , , , , , , , , , , , , , , , ,0,0,0,0
81,101318,8500387,B,3,4,1,2,4,4,3,2,2,3,2,3,4,4,1,4,3,1,1,1,2,2,4,1,4,2,2,1,4,4,1,4,4,4,4,4,4,2,2,4,0,0,0,0
82,101319,8500388,A,2,4,4,3,2,4,1,2,3,1,1,1,1,3,1,1,2,1,2,3,1,1,4,3,1,3,4,4,3,4,1,1,1,4,1,4,4,3,4,4,0,0,0,0
83,101342,500391,B,2,3,2,2,3,4,1,3,1,1,1,1,3,3,4,3,4,2,4,2,4,2,1,2,4,2,3,2,3,2,3,2,3,1,3,3,2,2,2,4,0,0,0,0
84,101344,8500393,B,2,1,1,2,4,2,4,3,1,1,2,2,4,3,2,3,3,2,1,1,1,2,3,2,1,2,2,4,4,2,1,2,3,1,3,2, ,3,4,1,0,0,0,0
85,101345,8500394,A,2,4,3,4,2,4,2,2,3,2,3,3,2,3,2,4,2,3,2,1,4,2,2,2,4,3,2,1,3,4,4,1,2,3,1,2,3,4,4,1,0,0,0,0
86,101351,8500400,A,3,4,4,4,2,3,3,4,3,3,1,2,4,2,1,2,2,3,4,4,2,1,2,4,2,1,2,4,4,2,2,1,3,3,3,2,1,3,2,3,0,0,0,0
87,101352,       , ,3,2,3,2,3,4,4,2,2,1,4,1,4,1,2,3,3,2,2,3,2,2,3,4,1,4,1,2,2,2,3,4,2,2,3,2,3,2,3,2,0,0,0,0
88,101354,8500403,B,2,2,1,2,3,3,4,2,3,1,3,4,4,4,4,4,4,1,1,1,1,2,1,1,4,2,2,3,1,2,4, , , , , , , , , ,0,0,0,0
89,101356,985004*, ,4,2,3,2,4,4,1,3,2,1,2,2,4,3,2,3,1,2,4,3,1,2,2,2,4,1,4,2,1,3,3,2,4,3,3,2,3,2,4,1,0,0,0,0
90,101358,8500407,B,2,1,1,2,2,4,4,2,3,1,2,3,4,1,3,3,3,2,1,3,3,4,4,2,3,2,4,3,3,2,1,3,3,3,4,4,3,2,3,4,0,0,0,0
91,101322,8500 11,B,3,4,3,2,4,4,4,4,2,2,2,1,4,3,3,3,4,2,1,2,4,2,2,3,4,2,4,2,2,2,4,4,3,3,3,1,4,1,1,1,0,0,0,0
92,101324,8500413,B,2,3,4,2,4,4,1,2,2,2,1,1,3,1,3,3,1,4,4,4,3,1,3,1,3,2,3,2,2,2,1,2,3,3,1,4,2,3,2,3,0,0,0,0
93,101325,8500414, ,2,2,4,4,2,4,4,2,4,*,4,2,3,4, , ,2,1,2,3,3,4,3,1,2,3,4,3,2,1,1,3, ,4, ,4,1,1,3,4,0,0,0,0
94,101326,8500415,B,3,2,2,2,4,3,4,2,4,1,3, , , ,*, , , , , , , , , , , , , , , , , , , , , , , , , ,0,0,0,0
95,101328,8500417,B,1,2,3,2,4,4, , ,1, ,2,2,2,1,2,4,3,3,4,4,1,2,1,2,3, , ,1, ,2,3, , ,3,2,4,1,3,2,3,0,0,0,0
96,101329,8500418,A,2,4, ,4,3,4,3,3,3, ,3,1, ,1,1,4,3,1,2,1, ,1, ,4,2,2,4,2,4,4,3,2,2,1,1,1,1,1,1,1,0,0,0,0
97,101332,8500421,B,1,2,1,1,4,4,4,2,4,1,2,1,4,1,4,4,4,2,1,2,4,2,3,2,2,2,4,2,1,2,3,3,4,2,3,4,1,1,1,4,0,0,0,0
98,101334,8500423,B,4,3,2,3,3,4,4,2,1,1,3,1,4,3,3,3,1,4,1,2,4,1,1,2,3,3,2,3,1,3,4,4,3,3,3,2,2,2,3,4,0,0,0,0
99,101338,8500427,B,3,4,4,2,4,3,3,2,1,4,2,4,3,4,3,2,4,1,4,3,1,4,3,1,1,2,1,1,2,3,2,2,4,3,1,2,2,3,4,3,0,0,0,0
100,101339,8500428,A,2,2,4,4,1,2,3,2,3,3,2,1,1,2,1,3,2,4,3,1,2,2,4,1,4,4,3,3,4,4,4,2,1,1,2,2,2,3,3,2,0,0,0,0
101,101340,8500429,A,3,2,2,2,4,3,4,2,4,1,*,3,2,1,2,3,4,2,1,2,3, ,1,4,3,2,2,2,1,4,3,2,3,3,3,3,1,3,2,4,0,0,0,0
102,101421,8500430,A,2,3,4,4,2,1,2,3,4,3,2,3,1,4,2,3,4,3,2,3,1,4,2,3,4,3,2,1,1,2,3,4,3,2,3,2,4,3,3,2,0,0,0,0
103,101424,8500433,B,1,1,3,2,4,4,4,2,2,4,2,3,1,1,3,3,3, ,4,3,1,1,1,2,4,1,2,1,3,4,*,2,3,4,3,3,3,2,1,4,0,0,0,0
104,101428,8500437,B,2,2,3,1,4,4,3,2,1,4,2,1,3,4,3,3,3,1,2,4,3,2,3,2,3,1,2,1,3,4,3,2,3,4,2,4,3,2,1,4,0,0,0,0
105,101429,8500438,A,2,4,4,3,2,2,2,2,3,3,1,4,1,2,4,2,2,1,2,1,4,4,2,*,4,3,3,1,2,2,2,4,2,3,2,3,4,3,3,1,0,0,0,0
106,101432,8500441,B,2,1,1,2,4,1,4,3,1,4,1,1,2,1,3,1,1,1,1,1,4,2,3,2,2,2,3,3,4,2,3,1,2,3,3,4,2,2,1,4,0,0,0,0
107,101433,8500442,A,2,4,1,4,2,4,4,3,3,2,1,1,1,2,1,4,2,3,1,4,3,4,2,4,2,4,3,4,4,4,2,3,3,4,4,3,4,3,4,2,0,0,0,0
108,101434,8500443,B,3,3,4,2,4,3,3,4,2,3,2,2,2,3,3,3,4,2,4,3,1,3,4,2,3,2,2,1,2,3,4,4,4,3,1,3,4,3,4,4,0,0,0,0
109,101436,8500445,A, ,1,2,1,3,1,1,2,2,1,2, , , ,4,2,3,3,1,1,4,2,1,4,1,2,4,1,4,2,2,4,2,1,3,1,3,2,2,3,0,0,0,0
110,101437,8500446,A,2,3,4,4,2,3,2,3,4,2,4,1, , ,3,4,1,3,3,3,2,1,1,*,4,1,2,3,1,2,2,4,1,1,1,2,3,2,3,2,0,0,0,0
111,101438,850044*,B,2,3,4,4,2,4,2,3, ,3,1, , ,2,4, ,1,3, ,2,1,4,2,4,4,3,2,3,1,2,2,4,1,1,3,2,3,2, , ,0,0,0,0
112,101439,8500448,A,2,4,3,4,2,3,4,3,2,3,4,4,3,2,3,1,1,3,2,4,4,1,3,4,4,4,2,3,4,4,2,2,3,4,1,4,3,4,3,3,0,0,0,0
113,101402,8500451,B,3,4,1,3,4,4,1,2,2,1,3,1,1,2,4,3,3,4,1,3,3,2,3,4,3,2,4,1,2,4,4,2,4,3,1,3,3,3,1,3,0,0,0,0
114,101405,8500454,A,2,3,4,4,2,4,2,3, , , , , ,2,3, ,1,3, ,2,1,4,2,4,4,3,2,3,1,2,2,4,1,1,1,2, , , , ,0,0,0,0
115,101407,8500456,A,4,3,2,4,2,3,3,4,2,2,4,2,1,2,4,2,*,3,2,3,3,2,2,4,4,1,2,3,2,4,1,3,2,3,2,4,3,3,2,2,0,0,0,0
116,101408,8500457,B,3,4,4,2,2,4,1,1, ,2, , , , , , ,3,3,4,3,1,1,2,2,1,1,3,3,4,3,4,2,3,3,2,2,1,3,3,3,0,0,0,0
117,101409,8500458,A,2,4,2,1,2,2,3,2,3,2,3,1,3,2,4,1,3,3,1,2,3,2,1,3,2,4,2,3,1,3,3,4,1,1,3,3,2,1,1,2,0,0,0,0
118,101412,8500461,B,2,3,4,2,3,4,4,2,2,1,1,1,4,2,4,4,3,2,4,3,3,2,3,2,3,2,4,1,1,2,4,2,1,4,1,4,2,1,3,4,0,0,0,0
119,101415,8500464,A,1,4,2,1,2,4,1,1,4,1,1,3,1,2,3,1,1,2,4,3,3,1,3,1,2,4,2,2,1,2,4,4,4,2,3,1,2,1,3,2,0,0,0,0
120,101416,8500465,B,2,2,1,2,4,4,4,3,1,1,1,3,4,1,2,3,4,2,1,4,3,4,3,4,4,2,2,2,4,4,1,4,1,1,3,4,1,2,1,1,0,0,0,0
121,101381,8500470,A,2,4,4,4,2,2,4,2,2,1,3,1,4,1,1,3,2,1,2,3,2,4,3,4,2,1, , , , , , , , , , , , , , ,0,0,0,0
122,101383,8500472,A,4,3,4,4,4,4,1,3,4,3,2,2,3,2,1,2,3,3,2,4,4,4,2,4,2,3,2,2,3,4,4,2,2,1,2, ,2, , , ,0,0,0,0
123,101387,8500476,A, ,4,4,4,2, , , ,3,4,1,4,1,1,2,2, ,1,2,1,3,4,1,3,2,3,2,1,3,2, , ,1,4, ,2,2,2,2,2,0,0,0,0
124,101390,8500479,B,4,2,4,4,4,4,1,3,1,3,2,2,2,1,1,2,3,3,4,3,4,2,4,4,4,1,2,2,3,4,4,2,2,3,3,3,3,4,4,4,0,0,0,0
125,101391,8500480,A,2,4,4,4,2,1,1,2,4, ,2,2,4,2,4,4,2,3,2,4,1,1,2,1,4,4,3,2,3,4,3,4, , , , ,3,1,1,4,0,0,0,0
126,101392,8500481,B,3,1,4,2,4,1,4,2,2,2,1,4,2,3,2,2,4,3,1,3,1,4,1,1,1,2,4,4,1,2,2,3,3,3,3,3,3,3,3,3,0,0,0,0
127,101393,8500482,A,2,4,4,4,2,1,2,3,2,3,1,4, ,2,4,1,2,1,4,4,3,4,3,4,4,1,2,2,3, ,2,3,4,3,2,3,4,3,4,3,0,0,0,0
128,101395,8500484,A,2,4,4,4,2,4,4,3,4,1,1,2,1, , , , , , , , , , , , , , , , , , , , , , , , , , , ,0,0,0,0
129,101396,8500485,B, ,2,1,3,3,4,2,2,1,1,4,2,3,3,2,2,3,2,3,1,4,2,3,4,4,3,3,3,2,3,3,4,3,3,2,3,3,3,3,3,0,0,0,0
130,101397,8500486,A,3,4,3,1,4,1,2,4,2,2,3,4,1,2,4,2,4,3,2,3,1,1,2,3,2,3,2,3,3,4,2,3,1,4,2,3,2,3,1,3,0,0,0,0
131,101398,8500487,B,3,4,1,1,2,1,4,4,2,2,2,2,3,3,3,4,2,3,2,1,2,3,2,3,2,3,1,2,1,3,4,4,3,3,1,3,2,3,2,4,0,0,0,0
132,101399,8500488,A,3,4,4,4,2,3,3,2,2,2,4,2,1,4,1,4,2,3,3,4,2,4,3,2,2,3,4,3,3,2,3,4, ,3,3,2,2,1, ,2,0,0,0,0
133,101400,8500489,B,3,1,4,2,4,1,4,2,2,2,1,4,2,3,2,2,4,3,1,4,1,4,1,1,1,2,4,4,2,2,3,4,4,1,3,2,2,2,1,3,0,0,0,0
134,101361,8500490,A,2,4,4,4,2,1,2,3,4,4,1,2,1,3,1,2,4,3,2,3,1,1,2,4,2,1,4,1,4,4,2,3,4,1,2,2,2,2,4,2,0,0,0,0
135,101362,8500491,B,3,1,2,2,3,4,4,4,2,3, ,1,2,2,4,2,3,3,4,1,3,2,3,4,3,2,4,1,2,4,3,4,3,4,3,3,2,2,1,4,0,0,0,0
136,101363,8500492,A,2,2,4,4,2,4,1,4,4,1,2,2,1,3,3,1,4,3,2,3, ,4,3,3,4,3,4,2,4,2,4,3,1,3,2,3,1, , , ,0,0,0,0
137,101366,8500495,B,4,4,4,3,4,2,4,2,3,1,3,1,4,4,2,3,4,2,1,2,4,2,3,2,3,2,2,1,2,2,4,4,4,1,3,4,2,2,1,1,0,0,0,0
138,101367,8500496,A,2,4,4,4,2,4,2,3,3,2,4,2,1,1,4,1,1,3,2,4,2,4,2,4,4,3,2,4,1,2,2,4,3,1,2,1,4,3,1,1,0,0,0,0
139,101369,8500498,A,1,1,4,4,3,4,3,3,4,3,1,3,3,2,3,1,2,2,4,3,4,3,3,3,2,4,4,4,2,4,1,4,3,2,4,1,4,2,3,2,0,0,0,0
140,101371,8500500,A,2,3,3,1,2,2,4,3,3,2,1,2,3,4,4,3,4,3,2,4,1,1,2,4,2,3,2,2,3,2,2,3,1,4,4,2,1,3,2,3,0,0,0,0
141,101372,8500501,B,4,2, ,4, , , ,2,3,4,1,1,2,3,3, ,3,3,3,3,3,1,1,2,4,2,3,2,4,2,4,*,2,4,1,1, ,2,1,2,0,0,0,0
142,101473,8500502,A,2,4,4,4,3,2,1,3,2,2,1,4,2,1,1,2,4,3,1,2,3,3,3,3,2,1,2,3,1,4,2,4,1,2,3,4,2,3,2,1,0,0,0,0
143,101376,8500505,B,2,4,1,2,3,4,3,2,2,1,2,3,4,1,2,4,1,2,1,1,3,2,1,2,3,2,4,4,3,2,3,4,2,3,4,3,4,2,2,1,0,0,0,0
144,101379,8500506, ,2,3,4,4,3,1,4,2,3,3,3,3,3,3,3,3,2,1,4,2,2,3,2,4,4, ,2,3,3,4, ,3,1, , , , ,3, , ,0,0,0,0
145,101461,8500509,A,4,4,4,4,2,4,2,3,4,3, ,2,3,2,3,2,3,1,2,1,3,4,1,1,2,4,2,3,3,2,3,1,1,1,2,3, ,1,3,2,0,0,0,0
146,101462,8500510,B,2,1,4,3,4,2,4,2,2,2,2,2,2,2, , ,3,2,1,1,4,2,3,2,4,3,4,3,1,1,3,3,3,1,3,3, ,2,1,4,0,0,0,0
147,101464,8500512,B,2,3,2,2, ,4,3,2, ,4,2,1,2, , ,4,1, ,1,4,4,2, , , ,2,4,1,1,2, , , , , ,3, ,4,2,1,0,0,0,0
148,101465,8500513,A,2,2,4,4,3,4,4,4,3,3, ,3, ,3, , ,2,1, ,2,2, ,1,4,4, ,2,3,3,4,2,3,1,2,4,2,3,3,3,3,0,0,0,0
149,101377,8500517,A,3,4,2,4,2,1,1,1,4,3,3,1,4,1,1,2,4,4,2,3,2,4,2,1,4,4,2,3,1,2,2,2,1,3,4,2,3,2, , ,0,0,0,0
150,101469,8500520,A,2,4,4,4,3,1,4,3,4,2,3,3,3,2, , ,3,3,2,3,1,1,2,4,4,4,4,3,1,4,2,3,1,2,4,4,1,2,3,3,0,0,0,0
151,101471,8500522,A,2,4,4,4,4, ,4,3,3,4,1,4,1,2,1,1,2,3,2,4,2,1,2,3,2,3,2,3,3,4,3,4,4,3,4,3,3,3,3,2,0,0,0,0
152,100621,8200001,A,2,4,3,*,3,4,4,3,3,4,3,1,1,3,1,4,2,3,2,4,1,1,2,3,3,4,3,3,2,4,2,4,1,1,2,1,1,4,3,3,0,0,0,0
153,100622,8200002,B,2,1,4,2,2,3,3,2,2,1,1,2,3,4,2,2,3,1,4,3,3,2,2,2,4,2,1,2,2,2,4,2,4,1,3,1,1,3,2,4,0,0,0,0
154,100624,8200004,B,3,2,2,2,3,4,4,2,3,1,2,3,4,1,3,2,4,2,1,4,1,3,1,3,3,2,2,2,1,2,3,2,2,3,3,1,3,3,4,3,0,0,0,0
155,100625,9820000,A,2,4,4,4,2,1,1,2,3,2,1,2,4,4,4,3,2,1,2,1,3,1,1,1,1,1,4,2,4,4,2,2,2,2,2,2,2,2,2,2,0,0,0,0
156,100626,8200006,B,2,3,3,2,3,3,1,2,2,1,2,2,4,4,4,4,3,1,4,1,1,1,1,2,1,1,4,2,3,2,1,4,4,2,3,3,2,2,2,2,0,0,0,0
157,100630,8200010,B,3,1,4,2,1,4,2,1,1,3,2,1,2,2,4,2,4,2,4,2,4,4,2,2,4,2,3,1,1,2,4,2,3, ,3,1,1,2, ,1,0,0,0,0
158,100631,8200011,A,4,3,4,4,3,4,3,3,2,4,3,3,3,2,3,4,2,2,4,4,2,4,4,4,2,4,2,2,1,2,4,4, , , ,3,3,3,3,2,0,0,0,0
159,100632,8200012,B,3,4,3,2,1,4,1,2,3,4,3,3,3,3,4,4,4,2,4,3,3,2,4,2,3,2,3,2,3,2,3,4,3,3,3,2, ,2,3,1,0,0,0,0
160,100633,982000*,A,2,1,3,3,1,4,4,1,4,3,3,4,1,3,1,3,2,1,4,4,2,4,2,4,4,4,4,4,1,4,2,2,1,3,3,2,4,3,3,2,0,0,0,0
161,100634,9820001,B,2,4,4,2,3,4,3,2,2,4,1,4,4,3,3,4,3,4,1,4,3,2,1,1,4,2,2,1,2,2,1,2,4,2,1,2,4,2,2,4,0,0,0,0
162,100636,8200016,B,3,4,4,2,3,4,3,2,2,1,2,1,4,2,2,3,4,2,4,4,3,1,3,2,4,3,2,4,2,4,4,4,4,4,1,4,3,3,4,4,0,0,0,0
163,100638,8200018,B,1,2,4,3,4,2,4,2,3,1,4,2,4,1,4,3,4,2,1,3,3,1,1,1,3,2,4,1,2,4,3,2,2,2,4,2,3,2,3,2,0,0,0,0
164,100639,8200019,A,2,4,2,1,2,3,1, ,3,2,2,3,4, ,1, ,4,1,2,4, ,1,2,4,2, ,2,4, ,2,2,4,2, , ,1, , , , ,0,0,0,0
165,100641,8200011,A,1,1, ,4,3,3,4,1,4,1,1,2,1,3,3,1,2,2,1,1, ,2,1, ,2,3,3,2,3,3, ,2,3,3,3,2, ,*,3,2,0,0,0,0
166,100642,8200022,B,3,2,4,2,4,4,4,2,1,3,2,3,3,1,3,4,4,2,1,4,1,2,2,2,3,3,2,1,4,1,4,4,3,1,4,2,2,2,3,4,0,0,0,0
167,100643,8200023,A,2,4,2,4,3,2,4,2,3,1,1,4,1,3,1,2,2,3,2,4,1,1,2,3,2,3,2,3,1,4,1,4,1,4,2,4,4,3,1,3,0,0,0,0
168,100644,8200024,B,4,4,4,2,4,4,2,2,1,3,1,3,4,3,3,3,4,1,4,4,4,3,4,2,4,4,1,3,3,4,3,2,1,4,1,1,2,1,4,1,0,0,0,0
169,100645,8200025,A,4,4,4,1,2,4,4,4,2,1,1,1,4,1,4,3,1,3,1,1,4,2,2,4,4,3,2,1,4,2,2,3,1,3,1,3,3,3,1,3,0,0,0,0
170,100646,8200026,B,4,4,1,2,4,4,4,2,2,1,1,1,4,1,4,3,1,3,1,2,4,2,1,2,2,2,3,1,4,2,2,3,1,3,1,2,4,2,1,4,0,0,0,0
171,100648,8200028,B,3,1,1,2,1,4,4,2,3,4,4,3,4,3,3,2,4,3,1,4,1,2,1,2,4,1,4,1,3,4,1,4,2,2,3,4,3,2,1,2,0,0,0,0
172,100652,8200032,B,3,3,1,2,4,4,3,2,1,2,4,1,2,3,4,2,4,2,4,4,1,2,1,2,3,*,1,3,3,1,4,4,2,4,3,1,4,2,3,1,0,0,0,0
173,100653,8200033,A,1,4,4,4,2,2,4,3,3,1,1,4,4,3,1,1,2,1,2,4,3,3,2,4,2,4,4,3,1,3,1,3,4,2,4,2,3,1,2,4,0,0,0,0
174,100655,8200035,A,2,4,4,4,2,2,1,3,2,1,1,4,1,2,1,3,3,1,2,1,1,4,3,3,4,4,2,4,2,4,4,4,2,2,1,4,2,4,2,4,0,0,0,0
175,100656,8200036,B,3,4,4,2,1,4,4,2,1,3,2,3,4,3,2,2,1,2,4,1,1,4,1,1,2,2,4,2,3,2,3,4,2,1,3,4, , , , ,0,0,0,0
176,100658,8200038,B,3,4,4,4,1,1,4,2, ,1,2,2,4,3,4,2,4,2,4,4,1,2,1,2,3,4,1,3,3,1,4,2,4,1,1,3,2,4,2,3,0,0,0,0
177,100659,8200039,A,2,4,4,4,1,1,4,3,4,2,4,3,1,2,3,1,2,3,3,2,1,3,3,1,2,3,4,1,1,3,1,2,4,4,3,3,2,3,4, ,0,0,0,0
178,100660,8000040,B,2,4,3,3,1,4,4,2,2,2,3,4,2,2,2,4,3,3,4,3,1,2,3,2,3,2,3,4,*,2,4,4,3,1,2,3,2,3,2,4,0,0,0,0
179,100663,8200043,A,3,4,4,4,2,1,4,3,3,3,3,2,1,4,1,2,2,3,3,4,1,2,3,1,4,4,2,4, , , , , , , , , , , , ,0,0,0,0
180,100665,8200045,A,2,3,4,4,2,4,4,4,4,1,4,4,1,1,3,2, ,2, ,1,1,4,3,3,2, ,2,4,1,4,2,4, , ,1, , , , , ,0,0,0,0
181,100666,8200046,B,2,1, ,2,4,2,4,2,2,1,2,1,4,1,1,3,3,1, , ,1,2, ,4,3,2, ,2, ,4,4,2,3,3, , , ,2, , ,0,0,0,0
182,100668,8200048,B,2,4, ,3,4,4,4,4,3,2,2,1,1,1,2,3,4,1,1,1,3,2,1,4,3,1,2,2,4,2,3, ,3,4,3,4,2,3,2,3,0,0,0,0
183,100669,8200049,A,2,3,4,4,2,1,4,4,4, ,1,4, ,3,1,1,2,3,4,1,3,3,3,4,2, ,4,4,4,4,3,4,3, , , ,4,3,4,4,0,0,0,0
184,100670,8200050,B,3,1,4,3,4,4,1,1,1,4,1,1,4, , , , , ,1,3,2,2, , , , , , ,3,4,3, ,4, ,3,3,1,2,3,3,0,0,0,0
185,100672,82*0052,B,4,1,4,4,2,4,*,*,4,4,1,4,4,1,3,2,1,1,1,*,1,3,2,2,3,4,1,2,1,4,4,*,*,3,1,3,2,4,4,2,0,0,0,0
186,100673,8200053,B,4, ,4,4,2,4,4,4,4,1,4,4,1, ,3,2,2,3,4,1,3,4,2, ,2,4,4,4,4,1, ,4,1,1,4,4,4,4, ,2,0,0,0,0
187,100674,8200054,B,2,3,2,2,4,4,1,2,3,2,2,4,3,1,1,3,4,1,1,1,4,2,3,2,3,2,1,2,4,2,4,2,3,3,4,3,2,2,2,3,0,0,0,0
188,100675,8200055,A,1,4,4,4,1,2,4,4,2,3,1,4,4,1,3,1,2,3,4,4,3,3,3,4,2,4,4,4,2,4,4,3,4,3,3,4,4,4,4,4,0,0,0,0
189,100676,8200056,B,4,4,1,2,4,4,4,4,4,1,2,2,2,3,*,3,3,4,4,3,4,3,4,3,3,3,3,1,2,2,4,4,1,3,4,3,2,4,3,2,0,0,0,0
190,100677,8200057,A,2,3,4,1,4,1,4,1,2,2,4,3, , , , ,1,1,4,3,2,2,1,3,2, , , , , , , , , , , , , , , ,0,0,0,0
191,100680,8200060,B,3,4,1,2,4,4,3,1,4,3,4,2,4,3,4,1,4,2,1,4,4,1,1,4,3,1,3,2,1,4,3,4,3,4,1,4,3,4,1,4,0,0,0,0
192,100681,8200061, ,2,3,4,4,2,2, , ,3,2,3,4,1,2,3, ,4,3,3,4, ,4,3,4,4,4, ,4,2, ,1,1,4, , ,2,3,2, , ,0,0,0,0
193,100682,8200062,B,3,2,1,2,4,4,3,2,1,1,2,3,4, ,2,1,4,3,4,3,1,2,1,2, , , ,1, , ,3, , , , , , ,2, , ,0,0,0,0
194,100683,8200063,A,2,3,2,4,2,2,4,2,3,1,1,4,1,2,1, ,4,3,3,4,3,4,4,4,4,4,4,2,1, ,2,3,4,1,2,2,2,2,2,2,0,0,0,0
195,100685,8200065,A,4,2,3,3,3,1,4,4,2,4,4,2,4,1,3,3,2,3,4,3,2,2,1,1,2,2,2,3,2,4,4,3,4,1,4,2,4,3,3,3,0,0,0,0
196,100686,8200066,B,2,3,4,2,4,4,4,2,2,1,1,1,4,1,1,3,4,2,1,3,1,2,3,4,2,2,3,2,2,2,3,2,1,4,3,3,3,1,3,4,0,0,0,0
197,100687,8200067,A,2,2,4,4,4,4,2,3,3,1,2,4,3,2,1,2,1,3,1,1,1,1,3,4,4,4,3,4,2,2,3,3, , ,3,2,3,3,3,4,0,0,0,0
198,100688,8200068,B,2,4,2,2,4,4,4,2,1,1,4,1,4,1,4,3,3,2,4,2,4,2,3,4,1,2,2,4,2,2,3,3, ,2,3,2, ,3,3,3,0,0,0,0
199,100689,8200069,A,2,3,4,4,2,4,2,4,3,2,3,4,1,2,3, ,4,3, ,4, ,4,4,4,3,2,1,1,3,4,1,2,4,3,2, ,3,3,3,3,0,0,0,0
200,100690,8200070,B,3,2,1,2,4,4,3,2,1,1,2,3,4,1,2,2,3,2,1,3,3,4,1,2,4,2,3,1,2,2,4,4,1,3,3,2,3,1,3,2,0,0,0,0
201,100691,8200071,A,*,2,3,3,1,2,3,3,3,1,1,3,1,4,1,3,2,3,3,4,4,4,2,1,2,3,2,4,2,2,4,2,2,3,4,3,2,3,4,1,0,0,0,0
202,100692,8200072,B,2,2,4,4,4,2,4,2,3,4,2,1,4,1,1,4,4,2,1,3,4,4,3,2,3,1,4,3,2,2,4,1,2,3,4,4,3,1,4,1,0,0,0,0
203,100693,8200073,A,2,4,4,4,2,4,1,3,3,1,1,4,3,2,1,2,1,3,1,1,1,1,3,2,2,4,2,2,2,2,3,3,2,1,2,3,3,3,3,4,0,0,0,0
204,100694,8200074,B,1,2,4,4,3,4,3, , ,1,4,4,2,3,1,1,4,2,4,4,1,4,3,4,3,2,1,4,3,4,1,1,4,4,1,3,2,2,4,1,0,0,0,0
205,100695,8200075,A,4,3,4,4,2,3,1,4,2,4,1,2,1,2,1,2,2,1,3,1,2,4,3,1,2,3,2,2,2,2,3,3, , ,4,2,3,1,1,1,0,0,0,0
206,100697,8200077,A,2,4,1,4,2,4,2,4,3,2,2,1,1,2, , ,2,2,*,2,2,2,*,*,2,2,2,2,2,3,*,2,2,2,2,2,*,3,2,3,0,0,0,0
207,100698,8200078,B,3,3,2,2,1,4,1,1,1,1,3,4,3,1,3,3,1,3,1,2,3,4,4,1,3,3,2,2,4,2,4,2,3,4,4,2,1,3,2,3,0,0,0,0
208,100699,8200079,A,2,4,4,4,3,1,1,3,3,1,1,4,1,1,1,1,2,1,2,4,1,1,2,4,4,1,3,2,1,4,2,3,1,4,2,3,1,3,2,4,0,0,0,0
209,100702,8200082,B,3,2,3,2,4,4,3,2,3,3,3,2,4,3,4,2,4,3,4,3,2,2,1,2,4,1,4,3,1,2,4,2,3,2,3,3,3,3,1,4,0,0,0,0
210,100703,8200083,A,3,3,4,4,2,3,2,3,2,3,1,2, ,3,2,3,3,2,1,1,2,1,4,3,2,4, ,4,1,2,3,4,3,3,2, ,2,*,1,1,0,0,0,0
211,100704,8200084,B,4,4,4,3,4,3,3,2,4,3,3,1,1,3,2,4,1,4,3,2,1,4,3,2,3,2,2,1,3,1,4,2,2,2,2,4,2,3,2,3,0,0,0,0
212,100705,8200085,A,2,4,3,3,3,4,4,2,1,3,2,2,3,2,2,2,2,1,2,1,2,3,3,2,2,4,4,4,2,2,2,2,3,2,3,2,2,3,2,3,0,0,0,0
213,100706, 8*0*6 ,B,2,4,4,3,3,4,1,2,1,3,2,1,2,3,3,2,2,1,3,1,2,2,3,2,3,4,1,4,3,2,4,2,4,3,3,4,2,4,4,3,0,0,0,0
214,100707,8200087,A,2,4,2,3,2,1,3,3,2,2,1,2,1,4,1,1,2,1,2,4,4,4,2,3,2,1,4,2,3,2,2,2,1,3,4,2,2,2,4,1,0,0,0,0
215,100708,8200088,B,2,2,4,2,2,4,4,2,2,1,2,4,4,1,1,3,1,2,1,4,3,2,3,2,3,1,1,2,1,2,3,2,1,4,3,2,2,4,1,2,0,0,0,0
216,100709,8200089,A,2,1,4,4,2,3,4,3,3,4,3,4,1,2,4,4,4,3,4,*,4, , ,4, ,4,4, ,3, ,2, ,1, , ,2,2,2,4,3,0,0,0,0
217,100711,8200091,A,3,4,4,4,3,4,4,2,3,1,1,4,1,2,1,2,2,3,2,1,4,4,2,4,4,1,2,1,1,2,3,1,3, ,2,2,1,3,3,1,0,0,0,0
218,100712,8200092,B,4,2,2,2,2,2,2,2,2,1,1,2,1,2,4,3,4,2,4,2,4,2,2,4,3,2,3,4, ,2,4,2,3,1,3,3, ,2,1,4,0,0,0,0
219,100715,8200095,A,3,4,4,4,2,1,3,3,2,2,1,3,1,4,1,1,2,1,3,4,4,4,2,3,2,1,4,2,3,2,2,2,1,3,4,2,2,2,4,1,0,0,0,0
220,100716,8200096,B,4,3,4,*,4,4,4,2,2,3,1,1,2,1,3,3,3,4,3,1,1,4,1,2,4,2,2,1, , , , , , , , , , , , ,0,0,0,0
221,100719,8200099,A,2,3,4,4,2,2,4,3,2,1,2,2,3,2,1,1,1,1,3,2,3,2,2,3,3,1,2,2,4,4,2,3,1,4,2,2,3,1,1,2,0,0,0,0
222,100720,8200100,B,3,4,2,2,4,4,3,2,1,1,2,3,2,2,1,2,3,2,4,3,1,1,3,1,3,2,4,4,1,2,1,3,2,1,1,2,2,2,1,4,0,0,0,0
223,100722,8200102,B,4,2,4,3,4,3,4,4,2,1,2,3,2,3,2,3,4,2,3,1,3,4,1,2,3,2,3,2,1,2,1,4,2,1,1,2,2,2,1,1,0,0,0,0
224,100723,8200103,A,2,4,4,4,2,1,4,3,3,4,3,4,1,4,1,2,3,1,4,4,1,1,2,4,2,1,4,4,1,4,2,3,1,1,2,3,4,3,3,4,0,0,0,0
225,100724,8200104,B,3,4,4,2,4,4,4,2,3,1,2,1, , , , ,3,2, , ,1, ,1,2, , , , , , , , , , , , ,3,3, ,1,0,0,0,0
226,100726,8200106,B,3,3,3,3,4,2,4,2,1,1,2,3,2,2,1,2,4,2,4,3,3,2,3,1,2,1,2,2,*,1,4,2,2,1,3,2,2,2,*,1,0,0,0,0
227,100728,8200108,B,3,4,3,2,2,4,4,2,1,1,2,2,4,2,1,2,3,2,2,1,4,2,3,2,3,2,4,4,4,2,1,3,2,1,3,2,2,2,1,4,0,0,0,0
228,100729,8*00109,A,2,2,2,4,2,2,3,3,2,1,2,2,3,2,1,1,1,1,4,2,2,2,2,2,2,1,2,2,4,2,2,4,1,3,2,3,2,1,1,2,0,0,0,0
229,100730,8200110,B,3,4,2,2,4,4,4,4,2,1,2,2,4,2,2,3,4,2,3,1,1,1,3,1,3,2,4,4,1,2,1,4,2,1,1,2,2,2,1,1,0,0,0,0
230,100731,8200111,A,2,4,4,1,3,4,4,3,4,2,1,4,1,1,1,1,2,1,2,4,3,4,4,4,4,4,2,2,1,4,2,3,1,1,3,3,4,3,3,3,0,0,0,0
231,100732,       ,B, ,*,4, , ,*,*,*,3, ,3,2,*, , ,3, , ,4, ,4, ,*,1, ,*,*, , , ,3,2,3,2,3, ,1, , , ,0,0,0,0
232,100733,8200113,A,3,3,4,4,3,2,4,2,4,3,1,1,2,2,2,3,3,1,1,2,1,1,3,2,2,3,2,2,2,4,2,1,3,1,2,4,3,1,4,1,0,0,0,0
233,100734,8300001,B,3,1,1,2,4,4,4,2,2,1,1,3,2,1,2,2,4,2,1,1,3,2,1,1,2,2,4,1,3,3,1,2,1,4,2,1,2,3,2,3,0,0,0,0
234,100737,8300004,A,2,4,4,4,2,2,1,2,*,3,3,4,2,1,1,4,4,3,2,4,2,1,2,4,4,3,4,2,2,4,2,4,4,1,2,4,3,3,4,2,0,0,0,0
235,100738,8300005,B,3,4,4,2,4,4,3,2,3,1,1,3,4,3,1,3,4,3,3,4,3,2,3,2,1,2,2,1,4,2,3,2,2,3,3,2,3,2,3,4,0,0,0,0
236,100739,8300006,A,2,4,4,3,2,3,2,3,2,3,1,4,1,2,4,3,3,2,2,1,2,1,2,4,2,4,4,4,4,3,2,2,4,3,4,4,2,3,2,3,0,0,0,0
237,100740,8300007,B,3,4,1,3,4,4,3,2,2,1,1,4,2,2,1,3,3,2,1,2,1,2,3,2,3,1,2,2,2,3,2,4,3,4,1,2,3,2,3,2,0,0,0,0
238,100742,8300009,B,1,4,3,3,4,4,4,2,1,3,4,2,1,2,2,4,3,1,2,4,1,2,2,4,1,4,4,2,1,2,3,4,3,1,1,2,3,4,2,2,0,0,0,0
239,100743,8300010,A,2,4,4,4,2,2,1,4,4,4,2,4,1,1,1,3,4,4,2,4,4,4,3,4,4,4,2,3,2,2,2,3,1,1,2,1,1,3,3,4,0,0,0,0
240,100744,8300011,B,3,4,1,1,3,2,3,2,1,1,2,1,1,3,3,2,2,2,4,4,4,1,1,2,4,2,4,2,3,4,4,4,2,4,3,1,3,2,1,4,0,0,0,0
241,100745,8300012,A,2,4,3,3,2,1,3,4,2,2,3,1,4,4,1,1,4,2,1,4,3,1,2,1,2,4,2,3,4,2,2,3,4,2,1,3,3,3,1,3,0,0,0,0
242,100746,8300013,B,2,1,3,2,4,4,4,4,1,1,2,4,2,1,4,2,4,2,4,2,3,1,2,2,4,2,4,1,1,3,4,3,3,4,1,3,1,4,3,1,0,0,0,0
243,100749,8300016,A,2,4,4,4,2,4,1,3,2,2,1,3,2,1,1,2,4,4,1,1,2,1,4,4,2,3,2,2,1,2,2,4,2,4,2,1,1,3,4,4,0,0,0,0
244,100750,98300*7,B,3,3,3,2,4,1,3,2,2,2,4,4,2,1,2,2,1,4,3,3,4,3,4,2,4,4,3,4,2,4,2,4,3,*,1,2,3,3,4,4,0,0,0,0
245,100753,8300020,A,2,4,3,3,2,3,4,2,3,2,3,4, ,2, , , ,1, ,1, , , , ,2,3,2, ,4,2,2,3,4,3, , ,3,4,4,3,0,0,0,0
246,100754,8300021,B,3,1,1,2,4,4,4,4,2,4,1,2,4,4,2,3,3,1,1,1,2,2,1,2,1,2,4,1,3,4,1,4,1,1,1,1,4,3,2,4,0,0,0,0
247,100755,8300022,A,4,4,4,4,2,3,1,4,3,4,1,4,1,4,1,2,4,2,2,4,3,1,2,3,4,4,2,3,2,2,2,3,1,4,2,1,1,1,3,3,0,0,0,0
248,100756,8300023,B,1,2,1,3,4,4,2,4,1,3,1,4,4,3,4,2,3,3,4,4,1,2,3,2,4,2,4,1,1,2,4,4,1,3,1,2,1,4,3,2,0,0,0,0
249,100757,8300024,A,4,4,2,3,3,4,3,1,4,3,2,2,1,2,3,1,2,4,1,1,2,1,2,1,1,3,2,2,2,3,1,2,4,3,3,3,3,1,3,3,0,0,0,0
250,100758,8300025,B,3,4,1,1,4,4,4,4,3,4,2,3, ,4,4,3,1,2,1,1,4,2,3,1,4,3,4,3,1,4,3,2,1,1,4,4,3,4,3,4,0,0,0,0
251,100759,       ,A,2,3,4,1,2,4,2,4,1,3,3,2,1,3,1,1,2,2,3,3,4,4,1,3,2,3,2,3,2,2,4,3,4,3,3,4,4,3,3,3,0,0,0,0
252,100761,8300028,A,2,4,4,4,2,2,4,3,3,2,4,4,1,1,1,1,2,1,2,4,4,1,2,1,4,4,2,4,2,2,2,4,2,1,1,4,4,3,4,2,0,0,0,0
253,100762,8300029,B,3,1,4,2,4,2,4,2,1,1,2,4,4,1,4,4,4,2,1,4,4,2,3,2,3,2,4,1,4,1,4,4,3,1,3,4,3,2,4,4,0,0,0,0
254,100763,8300030,A,3,1,4,4,2,1,4,3,2,1,2,4,4,2,4,4,4,1,1,4,4,2,3,2,4,4,2,4,2,2,2,4,2,1,1,4,4,3,4,3,0,0,0,0
255,100765,8300032,A,2,3,4,4,2,1,4,4,3,1,1,1,1,2,1,1,4,3,2,3,4,1,2,3,2,3,2,3,1,4,2,4,1,1,2,3,3,3,4,3,0,0,0,0
256,100766,8300033,B,2,1,1,3,3,4,4,2,1,1,2,3,4,1,4,1,4,2,1,2,3,4,1,2,4,2,3,2,2,2,3,2,2,4,3,3,4,2,2,1,0,0,0,0
257,100767,8300034,A,2,4,4,4,2,3,4,3,3,1,1,4,1,2,1,2,2,3,2,4,1,1,2,1,3,1,4,2,4,3,2,2,4,4,1,1,1,3,4,2,0,0,0,0
258,100770,8300037,B,1,4,4,3,3,4,3,2,2,1,4,4,4,3,1,4,4,4,2,4,4,2,3,4,3,1,4,2,4,1,1,2,4,3,1,4,1,1,1,2,0,0,0,0
259,100771,8300035,A,2,4,4,2,2,1,2,2,3,2,2,2,2,2,1,*,4,3,2,3,1,1, , ,4, ,2,3,3, ,2, ,1,2,3, ,3,3,2,2,0,0,0,0
260,100772,8300039,B,3,3,1,2,4,4,3,2,1,1,2,1,3,1,3,4,3,2,4,2,4,3,2,4,3,1,4,2,3,2,2,2, , ,1, , , ,4, ,0,0,0,0
261,100774,       ,B,3,3,4,2,4,4,*,2,3,4,3,1,4,3,2,4,3,3,4,4,1,4,2,2,3,1,2,4,1,2,4,2,4,4,*,4,1,2,1,2,0,0,0,0
262,100776,8300043,B,3,1,4,2,1,4,3,2,1,1,2,2,2,1,3,1,4,1,4,4,3,2,3,1,4,2,1,4,1,2,4,2,2,3,1,2,2,2,1,2,0,0,0,0
263,100779,8300046,A,2,4,4,4,2,1,2,3,3,2,3,3,1,1,1,2,2,3,2,*,1,1,2,4,2,3,2,2,3,2,2,1,3,4,3,1,4,1,3,4,0,0,0,0
264,100780,8300047,B,3,2,4,3,4,4,4,2,3,1,2,3,1,1,4,3,4,4,4,1,1,2,2,4,3,2,2,2,4,4,3,4,3,2,1,2,1,2,1,1,0,0,0,0
265,100782,8300049,B,4,4,2,3,4,4,4,4, ,1,2, , ,4,3,4,1,3,4, ,4,2,3,2, ,3,4,4,4,2,4,2, , ,3, , , , , ,0,0,0,0
266,100783,8300050,A,2,4,4,4,2, ,4, ,1,1,1,4,3,1,1, ,2,3,4,1, ,1,2,4,2,3,4,4,2,3,4,4,1,4,2,4, ,3, , ,0,0,0,0
267,100784,8300051,B,3,1,4,3,1,4,3,2,1,1,2,2,2,1,3,1,4,1,4,4,3,2,3,1,4,2,1,4,1,2,4,2,2,3,1,2,2,2,1,2,0,0,0,0
268,100787,8300054,A,2,4,4,4,2,1,2,3,4,2,1,4,4,3,1,1,4,4,2,3,1,4,1,4,4,3,4,3,1,2,2,3,*,1,3,2,1,1,4,2,0,0,0,0
269,100788,8300055,B,2,1,1,2,3,4,4,2,2,1,2,1,4,1,1,3,4,2,1, ,3,2,3,4,3,2,3,1,4,2,1,4,3,2,1,3, ,1, ,2,0,0,0,0
270,100789,8300056,A,2,4,4,4,2,1, ,4,4,3,1,4,4,2,4,1,2,3,2,4,1,1,3,3,2,4,2,2,2,4,4,1,4,2,3,3,3,4,1,2,0,0,0,0
271,100790,8300057,B,3,3,4,2,4,3,1,4,3,1,2,3,4,4,2,3,4,4,4,1,1,2,3,2,4,2,2,3,2,4,1,4,1,3,3,1,2,3,3,4,0,0,0,0
272,100791,8300058,A,2,4,4,4,2,3,2,3,3,3,1,2,2,2,1,1,2,1,1,4,4,1,2,3,2,3,3,4,2,1,3,2,3,2,3,3,4,3,2,2,0,0,0,0
273,100792,8300059,B,3,4,3,2,2,4,3,1,1,3,2,4,2,4,3,2,1,1,3,2,4,4,2,2,4,2,1,1,3,2,2,3,2,3,3,4,4,4,4,1,0,0,0,0
274,100793,8300060,A,2,4,2,3,2,4,1,3,2,2,2,4,4,1,1,1,4,3,2,4,1,4,4,4,1,4,2,2,2,1,2,4,4,1,2,2,4,2,2,3,0,0,0,0
275,100794,8300061,B,3,2,2,2,4,2,4,2,3,2,2,4,2,2,2,3,3,2,1,1,1,2,3,2,3,2,1,2,2,4,3,2,3,2,2,4,2,2,4,1,0,0,0,0
276,100795,8300062,A,2,4,4,3,2,2,2,1,4,1,4,2,1,2,1,1,4,1,1,3,2,1,1,3,2,1,4,3,4,3,1,1,4,3,3,2,3,1,2,3,0,0,0,0
277,100797,8400002,A,3,4,3,2,3,2,3,3,1,3,1,2,1,1,3,1,3,3,4,3,4,2,3,1,3, , , ,2,3,4,4,2,3,3,2,2,3,2,4,0,0,0,0
278,100800,8400005,B,2,4,1,1,4,4,3,2,3,4,2,3,1,1,4,4,1,1,4,3,1,2,2,2,4,1,4,4,4,4,1,2,1,3,1,2,1,2,4,2,0,0,0,0
279,100801,8400006,A,2,4,2,3,3,4,1,3,2,2,2,4,4,1,1,1,3,3,2,2,4,4,4,3,1,4,2,2,2,1,2,4,4,1,2,1,4,3,3,3,0,0,0,0
280,100802,8400007,B,3,1,4,2,4,4,4,2,4,1,1,1,2,4,1,3,3,2,1,4,1,2,3,2,4,2,2,2,4,4,1,4,2,1,3,3,3,1,2,1,0,0,0,0
281,100803,840*008,A,1,2,4,4,2,3,4,2,2,4,3,2,3,2,2,4,4,2,1,2,3,1,4,3,1,4,3,2,1,1,4,2,3,2,2,3,2,2,3,2,0,0,0,0
282,100805,8400010,A,4,4,2,4,2,1,1,4,2,1,1,4,3,1,4,1,4,2,2,3,1,1,2,3,4, ,2,2, ,1,2,4,3,1,2,2,3,3,1,3,0,0,0,0
283,100806,8400011,B,3,3,4,2,3,4,4,2,2,3,3,4,3,3,3,2,4,3,4,3,2,4,3,3,3,2,1,1,2,4,3,2,3,3,3,2,4,2,4,3,0,0,0,0
284,100807,8400012,A,3,4,2,3,1,1, ,2,3, ,1,4, , ,1,1,2,3,2,4,1,1,2,3,4,3,2,3,1,4,2,2,4,2,3,4,3,3,3,2,0,0,0,0
285,100809,8400014,A,2,3,4,4,2,3,1,3,2,2,3,1,1,2,3,2,3,2,3,1,2,3,4,3,4,4,4,3,3,1,2,4,2,3,4,3,2,1,3,3,0,0,0,0
286,100810,8400015,B,3,1,2,4,3,4,4,2,2,1,4,3,2,4,3,3,1,2,1,4,4,3,3,2,4,2,2,2,3,1,4,2,3,1,3,1,4,3,4,1,0,0,0,0
287,100813,8400018,A,2,3,4,3,2,1, ,4,3,1,3,1,3,3,1,3,2,3,2,4, ,2,2, ,4,3,3,2,1,2,2,4,4,4,2,4, ,3,1, ,0,0,0,0
288,100814,8400019,B,2,4,1,3,4,1,4,3,2,1,3,1,1,1,4,4,1,2,1,1,4,2,3,2,4,2,4,2,4,4,1,4,2,1,3,3,1,2,1,1,0,0,0,0
289,100816,8400021,B,2,4,2,3,3,4,4,3,2,1,3,1,1,1,4,3,3,2,1,3,3,2,3,2,3,2,2,1,2,1,3,4,3,2,2,4,3,2,2,1,0,0,0,0
290,100818,8400023,B,3,1,3,2,4,4,3,2,4,1,3,2,1,1,1,2,3,2,1,2,1,2,3,3,4,2,3,3,2,4,4,3,3,1,3,4,2,2,1,2,0,0,0,0
291,100819,8400024,A,2,3,4,4,2,2,1,3,3,1,1,1,2,2,1,4,3,3,2,1,2,3,2,3,3,4,1,2,3,3,2,4,1,4,2,2,4,3,1,3,0,0,0,0
292,100820,8400025,B,3,1,2,2,4,4,3,2,4,1,3,3,3,1,*,3,3,2,1,1,4,2,3,2,4,2,3,4,2,1,4,3,3,1,3,4,2,2,1,4,0,0,0,0
293,100821,8400026,A,3,4,2,2,2,4,3,3,2,3,4,2,3,1,*,3,1,1,4,4,1,4,2,2,2,3,2,2,3,2,4,2,1,4,3,2,4,3,1,3,0,0,0,0
294,100822,8400027,B,3,4,2,2,4,4,1,2,3,3,2,4,4,1,2,4,4,2,3,4,4,2,1,2,3,2,4,4,4,2,4,4,1,3,1,2,3,2,2,1,0,0,0,0
295,100823,8400028,A,3,3,4,4,2,4,3,3,2,4,3,2,3,4,4,4,2,1,2,1,2,3,3,3,4,4,3,2,4,4,3,1,3,2,3,2,3,1,4,2,0,0,0,0
296,100825,8400030,A,4,3,4,2,3,3,2,3,2,2,4,4,1,1,3,2,2,4,4,1,2,1,3,2,2,1,4,4,2,4,2,1,1,2,1,3,3,2,3,2,0,0,0,0
297,100826,8400031,B,3,1,2,2,4,4,3,2,4,1,3,3,3,1,2,3,3,2,1,2,1,2,3,2,4,2,3,4,2,1,4,3,3,1,3,4,2,2,1,4,0,0,0,0
298,100281,9810030,A,1,2,3,4,2,4,4,2,3,4,3,2,1,2,3,4,2,1,4,2,4,1,2,4,2,3,1,1,1,1,2,4,2,2,1,3,1,1,3,2,0,0,0,0
299,100282,8100302,B,4,2,2,4,3,4,4,3,3,1,1,3,4,1,2,3,3,4,4,4,3,2,4,2,4,3,2,2,2,4,3,2,3,3,3,3,2,3,2,4,0,0,0,0
300,100283,8100303,A,2,4,1,4,2,1,4,2,3,1,1,4,1,4,1,1,1,1,4,4,1,4,4,1,2,3,4,4,3,4,3,4,3,2,4,4,2,2,1,3,0,0,0,0
301,100284,8100304,B,3,1,2,3,3,4,1,2,3,1,2,3,1,2,4,2,3,3,4,2,1,2,3,1,3,1,4,1,3,2,1,4,3,1,3,3,2,2,1,4,0,0,0,0
302,100285,8100305,A,3,4,4,3,2,1,2,2,3,4,1,4,1,2,1,2,4,3,2,4,4,1,2,3,3,3,2,3,2,4,3,3,1,4,2,1,3,3,1,3,0,0,0,0
303,100286,8100306,B,3,1,2,3,3,4,3,2,2,1,2,1,2,3,4,2,4,1,3,3,3,2,4,4,4,3,3,3,3,2,2,2,2,1,1,1,1,2,3,3,0,0,0,0
304,100288,8100308,B,3,2,1,2,4,4,3,3,4,1,2,1,3,2,4,4,4,1,3,2,4,4,2,1,3,4,4,3,4,2,4,2,2,1,1,3,4,3,2,4,0,0,0,0
305,100290,8100310,B,2,3,2,2,3,3,3,2,4,1,2,3,2,3,4,4,4,3,1,2,1,4,1,3,2,2,1,2,3,2,1,4,4,2,1,2,1,1,3,4,0,0,0,0
306,100291,8100311,A,4,4,4,3,3,2,2,3,3,4,1,4,1,2,1,2,2,3,2,4,4,1,2,3,3,3,2,4,2,4,3,3,1,4,2,4,4,3,3,3,0,0,0,0
307,100292,       ,B,3,2,3,3,3,4,4,2,2,1,2, , , ,2,4,3,2,1,1,4,2,3,2,4,3,3,3,4,2,4,2,3,3,3,1,2,2,4,1,0,0,0,0
308,100294,9810*14,B,2,2,3,3,4,3,3,3,1,1,3,4,1,3,2,2,3,2,1,3,1,2,3,2,3,2,3,2,2,2,3,4,1,2,1,1,4,3,2,3,0,0,0,0
309,100296,8100316,B,3,2,4,2,3,4,1,2,3,1,1,3,2,3,4,2,2, ,4, ,4, , , ,4,2,3,1,4,2,1,4,3,2,1,3,2,3,3,4,0,0,0,0
310,100297,8100317,A,3,4,3,4,2,1,2,3,3,3,1,4,1,3,1,1,1,3,2,4,1,1,2,3,4,1,2,3,1,3,3,4, , ,2,3,3,1,3,3,0,0,0,0
311,100298,8100318,B,3,4,1,2,4,4,4,2,2,1,2,2,4,1,2,4,3,2,1,1,4,2,3,2,4,3,3,3,4,2,4,2,3,3,3,1,3,2,4,1,0,0,0,0
312,100299,8100319,A,3,4,4,4,3,4,4,1,2,3,1,4,3,2,4,1,1,4,1,4,1,4,3,4,2,4,4,1,4,3,4,4,2,2,3,2,1,4,4,3,0,0,0,0
313,100402,9810032,B,3,2,4,2,3,4,1,2,3,1,1,3,3,4,4,2,3,2,3,3,1,2,3,3,3,2,1,1,4,2,1,4,3,3,3,3,3,3,2,4,0,0,0,0
314,100404,981003*,B,1,3,1,4,2,1,1,2,3,3,2,1,4,3,1,1,3,4,1,4,4,2,*,3,1,3,2,4,3,3,4,2,3,3,3,2,3,2,3,4,0,0,0,0
315,100405,8100325,A,2,4,2,4,2,2,2,3,3,1,4,1,3,3,4,1,3,3,2,4,3,1,2,4,2,3,2,2,4,4,3,2,4,4,2,1,1,3,3,4,0,0,0,0
316,100406,8100326,B,2,2,4,3,4,4,4,2,1,1,3,1,4,2,1,3,3,2,1,1,4,2,3,2,2,2,2,4,1,2,3,4,4,3,3,4,1,2,4,1,0,0,0,0
317,100407,8100327,A,3,2,4,4,3,1,4,2,4,1,2,1,4,3,1,3,2,2,3,4,4,2,3,4,4,3,1,2,4,1,1,4,2,3,2,1,3,3,2,4,0,0,0,0
318,100408,8100328,B,3,2,2,2,4,2,4,2,1,1,3,4,2,1,4,3,1,1,1,2,4,2,1,2,4,2,4,3,4,4,3,4,3,1,3,2,1,2,1,1,0,0,0,0
319,100409,8100329,A,2,2,4,1,2,2,1,4,3,3,1,1,1,2,1,1,2,3,4,4,4,1,3,4,4,4,2,2,4,3,1,2,2,4,1,1,2,1,1,1,0,0,0,0
320,100410,8100330,B,3,4,3,3,2,4,4,4,2,1,3,1,4,1,4,3,4,2,2,1,4,2,3,2,2,2,2,4,2,3,3,1,3,1,3,4,2,2,4,4,0,0,0,0
321,100411,8100331,A,2,4,4,4,3,1,1,4,3,1,1,1,1,1,1,2,2,3,2,4,1,1,2,2,1,3,2,2,3,1,2,4,4,1,2,1,1,1,3,4,0,0,0,0
322,100412,8100332,B,3,4,1,2,4,1,4,2,1,1,2,1,2,1,3,3,3,2,1,2,4,2,3,2,3,2,2,4,1,2,3, ,3,1,3,4,2,2,1,1,0,0,0,0
323,100413,8100333,A,3,2,4,4,3,1,3,2,3,4,2,1,2,2,1,2,2,3,2,2,1,1,2,3,4,3,1,2,4,1,1,4,2,3,2,1,3,3,2,4,0,0,0,0
324,100414,8100334,B,3,1,2,2,4,3,1,2,3,1,2,1,2,1,4,2,4,2,1,3,4,3,2,2,4,2,3,2,1,4,2,4,1,3,3,3,2,1,3,2,0,0,0,0
325,100415,8100335,A,3,4,4,1,2,1,4,3,3,4,1,4,3,2,1,2,4,3,2,2,4,1,2,4,2,2,2,2,4,4,2,3,3,4,1,2,1,3,1,3,0,0,0,0
326,100417,8100337,A,2,4,4,3,2,4,2,2,3,3,1,4,4,4,2,3,2,3,4,4,3,1,2,3,2,3,3,4,1,4,2,4,1,1,2,2,1,3,4,4,0,0,0,0
327,100418,8100338,B,3,2,2,2,1,4, ,4,1,1,2,2,2,1,2,2,4,2,3, ,4,2,3,2, ,2, ,4,3,4, , , ,4, , , ,3, , ,0,0,0,0
328,100419,8100339,A,2,4,4,4,2,1,1,2,2,1,2,3,1,1,4,1,2,1,2,1,2,1,3,1,2,3,2,3,2,4,2,4,2,3,3,1,2,1,4,2,0,0,0,0
329,100420,18,B,4,1,3,2,4,4,3,3,2,3,2,3,3,1,2,4,1,1,1,3,3,4,3,2,4,3,4,1,3,2,4,4, ,1,3,3, ,3,2,3,0,0,0,0
330,100381,8100341,A, , , , , , , , , , , , , , , , , , , , , , , , , , , , , , , , , , , , , , , , ,0,0,0,0
331,100383,8100343,A,3,4,2,4,1,2,4,4,4,3,1,2,2,4,1,2,4,3,4,4,3,4,2,4,2,2,2,2,4,2,2,2,2,4,2,1,1,1,4,3,0,0,0,0
332,100384,8100344,B,3,1,4,2,4,4,4,2,2,1,2,1,2,1,3,4,4,1,4,3,3,3,1,1,4,2,2,2,1,4,1,2,3,3,3,2,1,2,4,3,0,0,0,0
333,100386,8100346,B,3,4,4,2,3,4,4,3,4,2,3,1,4,3,4,3,3,2,1,2,4,2,3,2,2,2,1,2,2,4,3,4,1,4,3,3,4,3,3,2,0,0,0,0
334,100387,8100347,A,2,2,4,4,1, ,3, ,3,3,1,2,1,2,2, ,2,1,2,2, ,2,2,4,2,1,2,3,3,1,2,2,2,2,2, ,3,4,2,2,0,0,0,0
335,100389,8100349,A,2,4,4,2,2,4,4,3,3,4,1,2,1,2,1,2,4,3,2,1,4,1,4,4,4,3,2,3,2,3,2,4,4,4,2,1,1,1,3,3,0,0,0,0
336,100390,8100350,B,4,3,3,2,4,4,4,2,2,1,1,4,3,4,4,3,4,1,4,4,3,3,3,2,4,2,4,3,3,2,4,3,2,1,2,1,2,2,3,4,0,0,0,0
337,100391,8100351,A, ,4, ,4,2, ,1, ,4,3,1,4,3,2,1,4,2,1,2,4,3,4,4,1,4,3,2,3,3,1,2,4,4, ,3, , , , , ,0,0,0,0
338,100394,8100354,B,1,1,2,1,2,3,3,2,1,3,2,4,2,3,1,4,3,3,2,1,4,2,3,2,2,3,2,3,1,4,3,4,2,4,4, ,3,3,1,1,0,0,0,0
339,100396,8100356,B,1,4,1,3,4,4,4,2,4,1,1,4,4,4,2,1,3,2,1,2,1,4,3,1,4,2,4,2,1,4,4,2,3,1,4,3,2,2,1,4,0,0,0,0
340,100397,8100357,A,2,4,4,4,3,4,2,2,3,1,1,4,1,3,1,2,2,3,2,4,3,1,2,3,2,1,2,2,1,4,2,3,1,4,2,2,4,3,1,3,0,0,0,0
341,100398,8100358,B,3,3,1,2,2,4,4,2,4,1,4,3,2,1,2,4,4,2,1,2,1,2,3,1,3,1,4,2,1,2,3,4,2,1,3,3, ,3,3,2,0,0,0,0
342,100399,8100359,A,2,4,2,4,1,2,2,3,3,3,1,4,1,3,1,3,2,3,2,1,4,*,2,3,2,3,2,4,1,4,3,4,2,4,4, ,3,3,1,1,0,0,0,0
343,100400,8100360,B,4,4,4,2,4,4,4,2,4,1,1,1,4,3,2,3,4,4,4,4,4,4,4,4,4,4,4,4,4,4,4,4,4,4,3,3,4,2,1,4,0,0,0,0
344,100362,8100362,B,1, , , , ,4,3,4,1,1,2,3,2,3,3,3,4,4,3, ,1,1,3,3,3,1,4,1,2,2,1,4,4,3,1,1,2,3,2,2,0,0,0,0
345,100364,8100364,B,2,4,4,3,3,1,4,2,2,1,4,1,4,1,4,3,3,2,1,2,3,2,3,2,2,2,2,3,2,2,2,2,3,1,3,3,2,2,2,2,0,0,0,0
346,100366,8100366,B,4,2,1,2,4,4,4,3,3,1,2,1,2,1,2,2,3,2,1,1,1,2,4,2,*,2,2,2,2,2,3,2,3,1,3,3,3,3,2,2,0,0,0,0
347,100367,8100367,A,1,2,4,2,3,1,1,3,4,3,1,2,4,2,1,1,1,3,4,1,4,4,2,2,2,3,2,3,1,4,4,3,2,3,3,2,2,1,3,1,0,0,0,0
348,100369,8100369,A,4,4,4,3,3,4,2,4,3,4,1,4,3,3,1,2,1,3,2,1,2,4,3,4,2,4,1,3,2,3,2,4,2,3,2,3,2,3,4,2,0,0,0,0
349,100370,       ,B,2,2,1,2,4,4,1,4,2,1,3,*,2,2,3,3,3,2,1,3,*,1,3,2,*,2,3,3,3,2,4,4,2,4,*,4,3,4,1,2,0,0,0,0
350,100371,8100371,A,2,4,4,3,2,2,4,4,3,4,1,4,1,1,1,3,4,3,3,3,3,1,3,4,4,1,4, ,3,2,2, ,1,4,4,4,1,3,1,2,0,0,0,0
351,100373,8100373,A,2,4,4,4,2,1,2,2,3,1,2,4,1,3,1,1,3,3,2,4,1,1,2,4,4,4,2,3,1,4,2,4,1,1,3,2,1,1,3,2,0,0,0,0
352,100375,8100375,A,2,3,4,4,2,3,4,4,3,4,2,2,1,2,1,3,2,1,2,1,3,1,1,4,2,4,3,4,4,4,2,3,2,3,1,1,3,3,3,3,0,0,0,0
353,100376,8100376,B,3,2,3,2,3,4,4,2,3,3,*,1,4,1,1,3,4,1,4,3,2,4,1,4,2,3,1,1,4,2,3,2,3,1,1,4,3,4,2,4,0,0,0,0
354,100378,8*00378,B,2,1,2,2,4,4,3,2,3,3,2,4,4,2,2,2,1,3,3,1,2,4,3,3,3,1,2,3,2,1,3,2,3,4,2,2,2,2,3,4,0,0,0,0
355,100379,8100379,A,2,4,2,3,3,1,2,2,3,1,4,1,1,3,1,1,2,3,2,4,3,1,2,4,2,4,3,2,3,2,2,1,1,1,2,2,1,3,1,3,0,0,0,0
356,100380,8100380,B,4,4,3,2,4,4,4,2,2,1,1,3,4,1,1,3,3,2,1,3,1,2,1,2,4,4,2,2,4,2,3,4,1,2,3,4,1,3,1,1,0,0,0,0
357,100301,8100381,A,2,4,4,4,2,2,2,4,3,1,1,1,1,1,1,1,3,3,1,4,3,2,1,4,2,4,2,4,4,1,2,3,2,3,1,1,3,3,3,3,0,0,0,0
358,100302,8100382,B,3,2,4,2,4,4,4,3,1,4,3,3,2,1,3,3,1,4,4,1,4,3,3,2,4,2,3,2,2,2,3,2,1,1,1,1,2,1,3,4,0,0,0,0
359,100303,8100383,A,2,4,4,4,2,2,2,*,2,2,3,4,4,1,1,2,2,3,4,1,4,*,2,4,2,3,2,2,1,1,1,2,1,2,4,2,2,1,1,1,0,0,0,0
360,100304,8100384,B,2,1,1,2,4,4,4,3,1,1,2,4,1,1,3,2,4,2,1,1,1,3,3,2,4,2,2,2,3,4,4,2,3,4,3,1,2,2,1,4,0,0,0,0
361,100306,8100386,B, ,3,4,3,4,4,4,2,3,1,4,1,4,1,4,3,3,3,1,2,4,2,3,2,4,2,4,3,2,2,3,4,2,1,3,1,2,1,1,4,0,0,0,0
362,100309,8100389,A,2,4,4,4,2,2,2,3,3,4,4,2,4,1,1,2,2,3,4,4,4,2,1,3,4,4,2,4,4,1,2,4,3,1,2,1,2,3,1,1,0,0,0,0
363,100310,8100390,B,3,2,2,2,4,4,4,2,3,1,3,1,2,3,4,1,4,4,4,2,2,4,2,4,1,2,2,1,3,2,1,2,3,2,3,2,2,2,1,4,0,0,0,0
364,100311,8100391,A,2,3,4,4,2,1,4,3,2,2,3,2,1,2,1,2,2,1,4,2,1,1,4,4,2,4,2,2,1,4,2,3,3,2,4,1,3,1,3,1,0,0,0,0
365,100312,8100392,B,2,4,1,2,4,3,3,2,2,4,1,1,2,2,2,3,4,2,4,3,4,3,3,4, ,2,4,4,3,4,3,2,4, ,4,1, ,2,1,4,0,0,0,0
366,100313,8100393,A,2,4,4,3,4,1,4,1,3,4,1,4,1,2,1,2,2,4,3,3,4,1,3,4,2,4,3,2,3,3,2,3,3,1,1,3,4,3,1,4,0,0,0,0
367,100315,8100395,A,2,4,2,3,3,1,2,3,4,2,3,4,3,1,1,3,2,3,2,4,1,1,2,3,2,3,2,4,2,4,3,4,3,1,4,2,3,3,1,3,0,0,0,0
368,100316,8100396,B,3,2,4,2,4,4,3,2,2,4,2,1,2,2,1,4,3,3,3,2,1,4,1,4,2,4,1,1,1,4,4,4,2,1,1,1,1,3,2,4,0,0,0,0
369,100319,8100399,A,2,4,4,4,2,4,4,3,4,2,3,3,1,4,3,1,2,3,3,4,2,1,1,1,3,4,4,2,1,2,2,3,2,3,3,2,3,3,4,1,0,0,0,0
370,100320,8100400,B,3,1,4,2,2,4,4,2,3,1,2,3,2,4,3,1,3,2,4,4,4,3,3,2,3,3,2,1,2,4,4,2,2,2,1,4,2,3,3,3,0,0,0,0
371,100321,8100401,A,2,4,4,4,2,1,1,1,3,3,1,2,4,4,1,1,2,1,2,4,4,3,3,4, ,4,4,2,4,2,2,2,3,3,3,2,4,3,3,4,0,0,0,0
372,100322,8100402,B,2,3,1,2,4,4,2,2,1,1,3,*,4,3,4,3,1,3,4, ,4,2,3,2, , ,1, ,4,2,4,2, , ,1, , , , ,1,0,0,0,0
373,100323,8100403,A,3,4,4,3,2,1,2,4,4,1,3,3,3,1,4,3,1,4,2,3,4,3,4,4,2,4,2,2,3,2,1,4,3,1,4,2,2,4,3,4,0,0,0,0
374,100324,8100404,B,*,3,4,2,4,4,4,2,2,1,2,1,4,1,1,3,3,2,1,1,4,2,1,4,3,2,3,2,4,4,3,2,4,4,3,3,4,2,1,4,0,0,0,0
375,100325,8100405,A,2,3,4,4,1,1,1,4,3,4,1,4,1,2,4,3,2,1,2,4,2,4,3,4,2,1,1,4,1,1,2,1,1,4,3,2,2,4,3,4,0,0,0,0
376,100327,8100407,A,2,4,3,2,3,2,3,3,3,3,2,2,3,2,2,4,2,3,2,4,1,1,2,4,4,3,3,4,2,4,2,4,1,1,2,3,4,3,1,3,0,0,0,0
377,100328,8100408,B,2,4,1,2,3,4,3,2,1,3,2,3,4,4,3,2,3,3,4,3,4,3,1,2,4,3,2,2,4,2,3,4,3,*,1,2,2,2,2,3,0,0,0,0
378,100329,8100409,A,2,4,2,4,3,2,1,4,3,2,2,4,4,1,1,4,2,3,3,4,4,1,2,4,2,4,2,2,3,4,2,4,2,4,4,2,4,3,1,3,0,0,0,0
379,100331,8100411,A,2,4,2,3,3,2,1,3,3,3,1,4,3,2,1,3,2,3,2,1,2,1,4,3,2,1,2,1,3,4,3,3,1,4,2,1,2,3,1,3,0,0,0,0
380,100333,8100413,A,2,4,4,4,2,4,3,3,3,2,4,2,3,2,3,4,2,3,2,1,1,1,4,4,2,3,4,3,1,1,3,4,2,4,2,4,2,4,1,4,0,0,0,0
381,100330,8100415,B,3,4,4,2,4,4,4,2,3,2,3,1,2,1,2,3,3,2,1,1,4,2,1,2,2,3,4,3,2,2,4,4,3,1,3,1,1,2,2,4,0,0,0,0
382,100336,8100416,B,3,4,1,3,4,4,3,2,2,1,3,1,4,3,1,3,1,2,1,1,4,2,1,2,4,2,4,2,2,2,4,3,3,1,3,1,1,1,1,4,0,0,0,0
383,100337,1*07 8 ,A,2,2,4,4,2,1,4,3,2,3,1,1,1,3,4,1,1,2,3,4,1,4,1,3,4,4,2,1,2,4,4,4,1,1,1,3,4,1,3,1,0,0,0,0
384,100338,8100418,B,3,4, ,2,3,4,4,2,2,2,3,4,2, , ,4,3,4,2, ,3,4,3,2, ,2,3, ,3,3,4, ,3,4,3, , ,2,1,4,0,0,0,0
385,100339,8100419,A,2,4,4,3,3,2,2,2,4,4,2,1,4,3,1,2,2,3,3,3,3,1,2,4,4,4,4,3,3,2,2,4,4,1,1,4,1,1,3,3,0,0,0,0
386,100347,8100421,A,2,4, ,4,*, ,3, ,4,4,1,3,3,2,1,4,3,2,2,3,3,4, , , , , , , , , , , , , , , , , , ,0,0,0,0
387,100342,8100422,B,2,4,3,3,4,4,3,2,2,1,1,2,2,1,4,1,3,3,2,3,1,2,1,2,4,2,2,2,3,2,4,4,2,1,2,3,1,2,4,4,0,0,0,0
388,100344,8100423,A,2,4,4,1,3,1,2,2,3,3,4,1,1,1,1,3,4,3,3,4,3,1,2,3,2,3,2,4,1,2,3,3,1,1,3,3,3,3,1,3,0,0,0,0
389,100345,810****, ,2,4,2,4,2,4,4,4, , , , , , , , ,2,1,1,1, , , , ,2,3, , ,1, ,1,4, , , ,1,1,3, , ,0,0,0,0
390,100346,8100426,B,3,4,4,2,4,4,1,2,3,1,2,3,4,1,3,2,4,4,1,3,2,3,4,1,4,1,2,1,4,3,2,4,3,4,4,2,3,*,3,4,0,0,0,0
391,100349,8100427,B,4,4, ,3,4,4,4,4,3,1,2,1,4,3,4,3,*,2,1,2,4,3,3,2,2,2,3,3,3,2,1,2,3,4,2,1,4,3,2,1,0,0,0,0
392,100350,8100429,B,3,4,4,3,4,4,4,4,4,3,2,1,4,1,4,3,3,2,1,4,1,2,1,2,1,2,3,1,3,4,4,2,2,4,3,1,2,2,1,4,0,0,0,0
393,100352,8100431,B,3,4,4,2,4,4,1,2,3,1,2,3,4,1,3,2,4,4,3,3,4,3,1,2,1,1,2,1,2,2,1,4,3,4,4,2,*,2,3,4,0,0,0,0
394,100423,8100432,A,2,2,4,3,2,4,2,3,3,4,1,4,1,4,3,4,2,2,2,4,2,1,2,4,4,1,2,3,2,1,2,3, ,1,*,4,4,1,1,4,0,0,0,0
395,100354,8100433,B,2,4,3,1,4,4,3,3,3,1,2,1,2,2,4,4,3,1,2,4,3,1,3,4,1,2,2,1,3,2,1,2,2,4,2,3,3,3,1,4,0,0,0,0
396,100355,8100434,A,2,4,4,4,2,3,2,2,3,1,1,4,1,2,1,2,2,3,3,3,3,1,2,3,4,4,4,4,4,2,2,3,4,4,1,1,3,3,1,3,0,0,0,0
397,100356,8100435, ,3,1,3,2,4,4,4,2,2,1,2,1,4,1,4,3,3,2,1,2,3,2,3,2,2,2,4,1,2,2,3,2,4,1,3,2,3,3,4,1,0,0,0,0
398,100359,8100438,A,1, ,4,4,2,4,4,3,2,3,1,2,4,2,1,1,2,2,4,3,4,4,2, ,2,3, ,4,2, ,2,1,2,2, , , , , , ,0,0,0,0
399,100360,8100439,A,2,1,1,2,1,4,4,2,1,2,2,3,2,1,1,2,1,2,3,1,1,4,*,1,2,3,4,1,3,3,1,2,4,3,1,2,2,3,2,2,0,0,0,0
400,100422,8100441,B,3,4,4,2,4,4,4,2,4,3,1,4,4,1,1,3,4,4,1,2,3,2,4,4,3,2,4,2,2,2,4,2,3,1,1,4,3,3,4,3,0,0,0,0
401,100424,8100444,B,1,4,2,3,1,2,4,2,2,1,4,3,2,2,3,3,3,2,1,3,1,1,1,2,3,2,2,2,2,2,3,2,3,1,3,1,3,2,1,4,0,0,0,0
402,100425,8100445,A,*,4,4,4,2,1,3,3,4,3,3,4,3,4,4,2,2,3,4,4,3,4,2,1,1,3,4,3,2,4,3,2,2,2,1,3,2,3,2,4,0,0,0,0
403,100427,8100447,A,4,4,4,4,1,1,4,4,3,1,1,2,2,2,1,3,4,4,2,4,4,3,4,4,2,4,3,4,2,1,2,4,3,4,4,1,4,1,1,2,0,0,0,0
404,100428,8100448,B,4,4,1,1,4,3,4,2,2,1,2,2,2,1,1,3,4,1,2,4,4,2,3,1,4,2,2, ,4,4,1,2, , ,1, , , , , ,0,0,0,0
405,100430,**00450,B,2,4,4,2,4,4,4,2,3,3,4,1,2,1,3,4,4,3,4,2,1,4,3,1,4,2,2,1,2,2,4,2,3,1,3,1,3,3,2,3,0,0,0,0
406,100431,8100451,A,2,4,2,1,3,3,1,4,3,4,4,2,3,4,2,3,1,2,2,4,3,4,3,4,4,4,4,4,2,4,2,2,2,3,4,2,2,3,3,4,0,0,0,0
407,100432,8100452,B,1,4,4,3,4,4,4,3,2,1,3,3,2,3,3,2,3,4,4,1,4,2,3,2,1,2,1,1,1,2,4,2,3,1,3,3,2,2,1,3,0,0,0,0
408,100433,8100453,A,4,2,4,4,2,3, ,4,3,1,3,2,1,3,1,2,4,2,4,1,2,3,2,4,2,1,4,2,2,1,2,4,1,1,2,1,2,3,*,3,0,0,0,0
409,100434,8100454,B,4,4,4,2,4,4,2,4,1,1,1,4,2,3,1,3,4,3,1,2,1,4,2,4,2,2,1,2,2,4,1,4,1,1,3,2,1,2,1,4,0,0,0,0
410,100436,8100456,B,3,4,4,2,4,2,4,2,3,1,3,2,4,1,3,3,4,2,1,2,1,2,3,2,4,2,3,4,2,2,3,4,3,3,3,2,3,3,3,3,0,0,0,0
411,100437,8100457,A,2,4,2,4,2,3,4,3,3,4,1,4,1,1,1,2,2,3,2,4,1,3,2,3,3,4,2,3,4,2,2,2, ,4,2, ,4,3,1,2,0,0,0,0
412,100438,8100458,B,*,4,*,4,4,4,4,3,3,3, ,4,3,3,1,2,2,1,2,4,3,3,2,1,4,4,*,4,1,2,2,2,3,4,*,4,2,3,3,4,0,0,0,0
413,100439,8100459,A,2,3,4,4,2,1,3,3,3,3,3,4,3,3,1,2,2,1,2,4,2,4,1,3,2,2,4,3,2,3,3,4,2,3,4,2,3,2,3,2,0,0,0,0
414,100440,8100460,B,3,3,4,1,4,4,3,3,2,1,1,3,2,3,3,2,3,4,4,3,4,1,4,1,1,2,2,1,2,3,4,2,4,1,1,3,3,2,1,3,0,0,0,0
415,100441,8100461,A,1,4,4,1,2,1,2,4,3,3,1,2,1,3,1,1,2,3,2,4,1,1,2,4,3,2,2,1,1,2,2,2,1,3,2,3,3,3,2,2,0,0,0,0
416,100442,8100462,B,3,4,4,3,4,2,4,1,2,1,2,2,3,1,4,3,1,1,1, ,1,2,1,3,1,2,2,2,2,2,2,2,2,2,2,2,2,2,2,2,0,0,0,0
417,100443,8100463,A,2,2,4,1,4,2,1,2,3,2,3,2,3,2,1,1,4,1,2,2,4,4,2,2,4,4,2,3,1,4,3,3,4,3,2,1,4,1,4,1,0,0,0,0
418,100446,8100446,B,1,1,1,2,4,4,4,2,4,1,2,1,4,1,4,3,4,2,3,1,4,4,3,2,3,2,4,4,4,1,4,2,4,4,1,1,4,4,4,4,0,0,0,0
419,100448,8100468,B,2,1,1,4,3,2,4,2,2,1,3,3,4,1,3,3,4,2,1,1,3,2,3,2,4,2,4,3,1,4,4,4,3,3,3,3,3,4,1,4,0,0,0,0
420,100449,8100469,A,2,3,4,4,4,4,4,1,3,2,3,1,4,1,4,1,2,3,3,1,4,2,1,3,4,4,3,2,1,4,2,4,1,4,3,4,3,1,4,4,0,0,0,0
421,100451,8100471,A,2,3,4,4,3,1,3,2,4,1,4,1,1,4,1,2,2,3,2,3,2,1,2,3,2,4,4,2,1,4,2,4,3,4,3,3,2,4,2,4,0,0,0,0
422,100452,8100472,B,4,4,3,3,4,2,4,2,3,1,1,1,4,2,4,3,3,2,1,2,3,2,3,2,4,2,2,3,3,4,2,4,3,2,3,3,3,3,3,3,0,0,0,0
423,100453,8100473,A,2,4,4,4,3,4,4,3,3,1,1,4,1,3,1,3,2,1,3,3,3,4,2,3,4,4,2,1,1,4,2,4,2,3,3,4,4,3,1,1,0,0,0,0
424,100454,8100474,B,3,4,1,2,4,1,3,4,2,3,4,1,2,4,1,2,3,4,1,3,4,2,1,2,4,2,3,2,3,2,3,4,2,1,1,3,3,2,1,2,0,0,0,0
425,100455,8100475,A,3,4,4,2,2,3,4,3,4,3,2,2,2,4,1,2,2,1,2,1,2,2,3,1,4,3,*,3,4,4,*,4,4,4,3,1,3,2,3,3,0,0,0,0
426,100456,8100476,B,2,4,4,2,4,4,3,2, ,3,3,1,4,2,4,2,1,2,1, ,4,3,2,1,4,2,4,1,1,4,2,3,*,2,*,3,2,2,4,3,0,0,0,0
427,100457,8100477,A,2,3,4,1,2,4,3,1,2,4,3,1,1,2,1,2,1,2,2,1,4,4,2,1,2,4,1,4,2,2,2,1,2,3,2,1,2,1,1,4,0,0,0,0
428,100458,8100478,B,1,4,2,3,4,3,4,2,3,1,1,1,4,1,4,3,4,2,4,1,3,4,3,1,2,3,2,2,3,3,1,2,2,2,4,3, ,3,2,1,0,0,0,0
429,100459,8100479,A,2,4,4,3,2,2,3,2,3,2,1,4,1,2,1,2,3,1,2,4, ,1,2,4,2,3,4,4,3,2,2,1, ,4,2, ,4,3,3,2,0,0,0,0
430,100460,8100480,B,2,2,1,3,4,4,4,2,4,4,1,4,4,2,4,2,1,2,1,3,1,2,3,2,4,2,3,2,3,2,3,3,2,2,3,2,2,3,3,3,0,0,0,0
431,100461,8100481,A,3,4,4,4,2,4,4,4,4,1,1,3,4,3,4,1,4,3,4,1,4,4,2,4,4,4,4,3,1,2,4,4,3,4,4,1,3,1,4,4,0,0,0,0
432,100462,8100482,B,3,1,4,2,4,4,3,4,2,1,1,1,3,2,1,2,4,1,4,1,4,2,4,1,4,2,3,4,4,4,4,4,4,1,1,3,2,2,4,4,0,0,0,0
433,100463,8100483,A,2,4,1,4,2,4,1,3,4,3,2,2,4,4,1,2,2,3,1,1,2,4,3,1,2,3,4,3,4,4,4,4,4,4,3,1,3,*,3,3,0,0,0,0
434,100464,8100484,B,2,2,4,4,4,4,3,2,1,1,2,4,2,1,3,3,4,2,1,1,4,2,3,2,1,3,2,1,3,3,4,2,3,2,3,3,2,1,4,3,0,0,0,0
435,100465,8100485,A,3,4,4,4,2,4,3,3,3,4,3,4,3,3,1,1,2,3,3,3,3,1,3,3,2,3,4,2,4,4,3,4,3,3,2,3,3,3,3,3,0,0,0,0
436,100466,8100486,B,4,2,1,3,3,2,4,2,1,1,4,3,4,1,4,3,4,4,1,1,3,4,3,2,4,2,4,2,2,2,4,2,3,1,4,4,2,4,1,3,0,0,0,0
437,100467,8100487,A,3, , ,2,4,4,1,2, ,1,1,1,4,1,4,3,1,2,3, ,1,2,3,4,1,3,1,3,3,2, ,3,2,4,1,2,3,2,4,3,0,0,0,0
438,100468,8100488,B,1,2,1,2,4,4,4,2,2,1,1,1,4,1,4,3,1,2,4,2,1,2,3,4,2,2,2,2,2,2,3,2,1,1,3,1,4,2,3,1,0,0,0,0
439,100470,8100490,B,2,1,3,2,3,4,1,2,4,1,2,1,2,4,3,2,3,2,4,2,4,2,4,2,2,1,1,1,1,2,3,4,1,1,1,2,2,3,2,4,0,0,0,0
440,100471,8100491,A,2,4,4,4,2,2,1,3,3,4,1,4,1,3,1,4,2,3,2,4,2,1,2,2,2,4,3,2,3,4,2,4,3,4,2,3,4,3,4,3,0,0,0,0
441,100474,8100494,B,4,2,1,2,2,2,4,2,1,1,1,1,2,3,2,4,3,3,1,4,4,1,1,2,4,2,3,3,2,2,4,2,1,3,4,3,1,2,3,4,0,0,0,0
442,100476,8100496,B,3,2,4,2,4,4,3,2,1,1,1,3,4,3,4,2,1,2,4,1,4,2,1,2,2,4,1,2,2,2,4,4,2,3,4,2,1,3,2,4,0,0,0,0
443,100478,8100498,B, , , ,2,4,3,3,3, , ,1,*, , , ,3, ,1, , ,1, ,2, , ,4, ,3,2, , ,4,2, ,1, , ,3, , ,0,0,0,0
444,100479,8100499,A,2,4,4,2,2,4,3,3,3,4,1,2,3,4,1,2,2,1,2,4,1,1,1,4,2,1,2,3,3,4,2,3,2,2,4,3,4,1,1,1,0,0,0,0
445,100480,8100500,B,1,4,2,2,3,4,4,2,2,1,*,1,4,2,2,3,4,1,1,4,3,2,3,4,2,2,2,1,3,2,1,2,3,1,1,1,2,2,3,4,0,0,0,0
446,100481,**0*501,A,2,4,4,3,2,2,4,1,3,2,1,1,3,2,1,2,2,3,2,3,2,4,1,2,4,4,4,2,2,4,2,3,3,2,4,2,3,2,2,4,0,0,0,0
447,100482,8100502,B,1,3,4,1, ,1, ,2,1,1,3,3,4,1,1,3,4,*,1,3,1,2,1,4,4,2,4,1,3,2,2,4,1,4,3, , ,2,1,1,0,0,0,0
448,100484,8100504,B,4, ,4, ,4,4,4,2,3, ,2,3,4,1,1,3,4,2,4, ,2, ,3,1,4,2,4, , ,2,3,4,2,2,1,*, ,*,4, ,0,0,0,0
449,100485,8100505,A,2,4,2,4,3,4, ,3,4,2,1,3,4,1,3, ,3,4,2,3,2,4,2,4,2,3,4,1, , , , , , , , ,2,1, ,3,0,0,0,0
450,100486,8100507,B,1,4,1,2,3,4,4,2,3,4,2,1,2,1,1,4,3,2,1,3,4,2,3,2,4,2,*,3,4,2,2,2,4,1,3,1,4,4,4,4,0,0,0,0
451,100487,8100508,A,*,4,1,4,3,1,4,1,2,2,4,1,1,2,1,3,2,3,2,4,4,1,1,1,2,4,2,4,4,4,3,3,3,4,2,4,1,1,4,3,0,0,0,0
452,100488,8100509,B,1,4,1,2,3,4,4,2,2,1,2,1,2,1,1,4,3,2,1,3,4,3,4,3,4,2,3,3,4,2,2,2,3,3,3,1,4,4,4,4,0,0,0,0
453,100496,8100510,B,1,4,4,4,4,4,3,2,4,1,2,1,2,1,2,4,4,2,1,4,3,2,1,4,4,2,4,4,4,2,4,4,4,1,3,4,4,2,4,4,0,0,0,0
454,100490,8100511, ,1,4,2,2,4,4,4,2,2,4,3,2,3,3,1,3,4,3,2,2,3,3,3,2, ,2,4,3,3,2,3,*,3,2,1,3,3,2,3,3,0,0,0,0
455,100491,8100512,A,2,4,4,4,2, ,4,2,3,2,3, , , , , ,2,1, ,3,2,4,2,3,4,2,2,4,3,4,2,4,2,4,4,2,2,3,2,4,0,0,0,0
456,100492,8100513,B,3,4,3,2,4,1,4,2,3,1,4,1,4,3,4,3,1,2,1,2,4,2,3,2,1,2,4,2, ,2,2,2, , ,3, , ,2, , ,0,0,0,0
457,100493,8100514,A,2,4,1,4,2,4,3,4,3,2,1,1,3,1,1,1,3,4,2,4,2,2,2,4,2,3,4,2,1,4,4,1,3,2,2,3,1,3,1,3,0,0,0,0
458,100494,8100515,B,3,4,1,2,3,4,4,2,2,1,2,3,4,3,1,3,4,2,1,3,4,2,3,2,4,2,4,3,4,2,2,2,4,1,3,1,4,2,3,4,0,0,0,0
459,100495,8100517,A,*,4, ,4,2, ,4,3,3,2, , ,2,2,*,2,3,2,3,2,3,1,2,4,4,4,3,1,1,3,1,3,3,2,2,2,1,1,4,3,0,0,0,0
460,100497,8100518,A,1,4,4,4,2,3,4,2,3,1,1,2,2,2,4,3,4,3,2,3,3,2,3,3,4,3,1,1,2,1,4,3,4,1,3,2,2,1,3,3,0,0,0,0
461,100499,8100520,A,4,4,4,4,3,4,4,1,2,2,2,3,3,2,4,4,4,3,2,4,1,1,2,4,2,3,4,2,2,4,2,4,3,3,2,2,2,1,1,1,0,0,0,0
462,100500,8100521,B,2,3,2,2,4,4,4,2,2,4,3,1,3,2,3,4,4,2,3,3,4,4,3,2,3,2,3,1,2,2,3,2,3,3,4,3,3,3,3,4,0,0,0,0
463,100501,8100522,A,2,2,1,3,1,2,4,3,2,3,3,2,2,2,3,2,2,2,3,1,1,1,2,3,4,4,1,2,1,2,2,2,3,2,3,3,2, ,2,3,0,0,0,0
464,100502,8100523,B,3,2,4,2,4,4,4,2,3,1,2,1,2,3,1,1,3,2,1,4,1,2,3,1,4,2,4,1,1,2,4,2,4,4,3,4,2,2,3,1,0,0,0,0
465,100503,8100524,A,2,4,2,4,2,1,2,3,3,2,1,4,1,2,1,1,3,4,2,4,3,1,2,1,4,4,3,3,2,1,2,3,4,3,3,3,3,3,3,3,0,0,0,0
466,100506,8100527,B, ,4, ,2,4,4,3,2, ,3,3,2,3,2,2,3,4,4,4,4,4,2,2,4,2,4,1,*,2,4,2,2,3,3,4,3,2,1,2,3,0,0,0,0
467,100507,8111528,A,2,4,4,4,2,1,1,2,3,1,1,2,1,2,1,3,2,3,2,3,4,1,2,3,2,4,2,4,1,3,2,3,1,4,2,1,1,3,1,3,0,0,0,0
468,100001,8100001,A,2,4,4,4,2,2,1,2,3,1,1,2,3,3,3,1,3,1,2,1,3,1,2,3,*,3,4,4,3,3,*,3,3,3,2,3,3,3,1,1,0,0,0,0
469,100003,8100003,A, , ,1, ,2, , , ,3,3,1,2,1,2,1,1,2,1,2,4, ,4,2,3,4,3,2,1,3, ,2, ,2, ,3, ,4,3,1, ,0,0,0,0
470,100004,8100004,B,4,4,3,3,4,4,4,3,1,1,1,2,4,2,4,3,4,2,3, ,4, ,1,2, ,2, , , ,2,3,2,3,1,3, , ,2, ,1,0,0,0,0
471,100006,8100006,B,3,3,4,2,4,4,4,3,1,1,1, ,4,1,4,3,4,2,1, , ,2,3,2,4,2, , ,2,2,3,2, ,1,3,4, ,2, , ,0,0,0,0
472,100007,8100007,A, ,4,3, ,2,1, ,4,3,4,1,2,3,3,1,2,2,3,2,3, ,1,2,3, ,3,2,3,1, ,2,2,1, , , , ,3,1, ,0,0,0,0
473,100009,8100009,A,2,4,3,4,2,1,2,2,3,3,3,2,1,2,1,1,2,3,2,4,1,1,2,3,2,3,4,4,1,3,2,4,1,4,2,3,2,1,2,2,0,0,0,0
474,100012,8100012,B,4,4,4,4,1,3,4,*,1,2,2,1,4,2,2,2,1,4,1,4,1,4,1,2,4,1,4,2,4,3,4,3,2,2,3,4,4,3,3,3,0,0,0,0
475,100013,8100013,A,2,4,4,4,2,3, ,4,3,4,1,2,3,3,1,2,2,3,2,3,1,1,2,3, ,3,2,3,1,2,2,2,1,4,2,2,3,1,2,3,0,0,0,0
476,100016,8100016,B,2,4,2,2,4,4,4,2,1,1,2,1,2,1,3,3,4,2,1,3,1,2,1,4,4,2,3,4,2,2,3,2,3,1,3,3,*,2,1,1,0,0,0,0
477,100017,8100017,A,2,4,4,4,3,1,4,2,3,2,2,2,1,3,1,1,2,3,2,3,1,3,2,3,2,4,2,1,3,4,2,4,3,3,1,1,1,3,3,2,0,0,0,0
478,100018,8100018,B,3,4,4,3,4,2,4,4,1,1,3,4,4,1,1,3,3,2,1,3,4,2,1,2,4,2,1,3,3,2,4,2,3,3,3,3,3,2,4,3,0,0,0,0
479,100019,8100019,A,2,4,*,4,2,*,1,3,1,3,2,2,4,1,2,4,2,1,3,1,4,4,2,3,4,1,3,4,2,4,2,1,3,1,3,2,2,3,1,2,0,0,0,0
480,100020,8100020,B,3,4,1,2,4,4,4,2,4,1,2,2,2,1,4,3,4,2,4,2,4,2,3,4,2,2,1,1,2,1,3,3,2,3,3,3,3,3,3,3,0,0,0,0
481,100021,8100021,A,2,4,2,4,2,1,2,4,3,1,4,2,2,2,1,1,4,3,2,4,1,1,2,1,2,3,4,3,3,1,2,4,1,2,1,4,3,3,4,4,0,0,0,0
482,100024,8100024,B,2,3,4,3,3,4,4, ,3,1,1,3,4,1, ,3,3, , , ,2, , , ,4, , , , ,4,4,4, , , , , ,2, ,3,0,0,0,0
483,100025,8100025,A,2,4,1,3,1,2,4,4,3,1,1,4,1,3,1,2,2,3,2,4,1,1,2,3,4,4,3,2,2,4,2,4,1,1,2,1,1,3,1,1,0,0,0,0
484,100026,8100026,B,2,4,1,3,1,1,4,2,3,1,2,4,1,3,1,2,2,3,2,4,1,1,2,3,4,4,3,2,2,4,2,4,1,1,1, ,1,3,1,1,0,0,0,0
485,100027,8100029,A,2,4,4,4,2,4,3,3,3,4,1,1,4,3,4,2,2,2,1,3,1,4,2,3,2,1,1,3,4,4,2,4,3,3,3,1,1,1,4,3,0,0,0,0
486,100028,***00*0,B,4,4,1,2,2,4,3,2,1,1,1,3,2,1,4,3,4,2,4,3,4,4,3,2,2,2,1,3,3,1,4,2,3,4,4,2,2,1,3,4,0,0,0,0
487,100029,8100031,A,2,4,4,4,2,1,3,2,3,2,3,4,2,3,1,1,3,3,4,1,2,4,4,4,1,3,2,4,3,2,2,4,1,4,2,3,3,3,4,1,0,0,0,0
488,100030,8100032,B,3,4,2,2,4,4,4,3,1,1,2,1,4,1,1,3,3,2,4,2,1,2,3,2,2,2,1,1,2,4,3,2,4,1,4,1,1,1,1,4,0,0,0,0
489,100045,8100033,A,2,4,4,4,2,1,4,2,1,4,1,1,2,1,1,3,2,2,4,1,4,1,4,2,2,1,3,4,1, ,2,1,4,1,2,1,1,1,4,2,0,0,0,0
490,100031,8100034,A,2,3,4,4,2,4,3,3,3,4,1,1,2,1,1,3,2,2,2,4,3,2,2,4,4,1,1,2,1,3,2,1,4,1,2,1,1,1,4,2,0,0,0,0
491,100032,8100036, ,3,2,3,2,4,4,4,2,2,2,4,1,2,1,3,2,1,1,4,4,3,2,3,2,3,2,4,3,1,1,*,4,2,3,1,4,2,1,2,3,0,0,0,0
492,100033,9100037,A,2,4,4,4,2,1,2,2,3,3,1,4,4,4,4,1,4,3,4,4, ,4,4,4,2,3,2,1,1,4,2,4,1,4,1,1,3,3, ,3,0,0,0,0
493,100034,8100038,B,3,2,3,3,3,1,4,2,1,1,1,4,2,4,3,1,4,2,4,4,4,2,3,2,3,2,1,2,1,4,2,3,2,4,1,1,1,1,1,4,0,0,0,0
494,100035,81000 9, ,3,2,2,1,3,1,1,1,1,2,2,1,4,1,1,4,4,2,4,2,1,2,*,2,2,2,1,1,1,4,3,2,4,1,1,1,1,1,1,*,0,0,0,0
495,100036,8100040,B,1,4,2,1,3,4,3,3,1,4,2,1,4,4,1,3,4,3,2,4,2,4,1,2,1,4,4,1,2,2,3,3,4,4,2,2,4,1,1,4,0,0,0,0
496,100037,8100041,A,2,4,4,2,2,4,3,3,2,3,3,2,4,2,1,1,2,3,2,1,3,4,3,4,3,3,4,2,4,2,2,4,4,1,2,1,3,1,4,1,0,0,0,0
497,100038,8100042,B,3,4,2,3,4,4,3,2,2,1,2,3,4,4,1,4,4,2,4,4,*,2,3,2,3,2,2,4,3,2,3,4,2,1,2,1,3,4,2,3,0,0,0,0
498,100039,8100043,A,2,4,4,1,2,1,4,4,3,1,1,4,1,1,3,4,2,1,2,1,3,1,2,3,4,3,2,3,1,3,2,4,4,4,2,4,3,2,1,3,0,0,0,0
499,100040,8100044,B,4,4,4,3,3,1,4,3,3,2,1,2,2,2,1,2,3,2,1,1,4,2,3,2,4,2,3,4,3,2,2,4,2,2,3,4,3,2,3,2,0,0,0,0
500,100041,8100045,A,2,4,4,4,3,1,2,4,4, ,2, , ,1,2, , ,2,3,1, , , , ,4, ,2,1,2,3,2,4,3,2,3,3,4,1,4,3,0,0,0,0
501,100042,8100046,B,2,3,3,3,4,2,4,2,1,1,2,1,4,1,*,3,3,4,2,4,3,4,3,2,3,2,*,4,2,1,3,4,3,2,1,1,4,3,3,4,0,0,0,0
502,100043,8100047,A,2,4,2,4,3,1,1,3,3,2,1,4,1,2,1,1,2,3,2,3,4,1,1,3,4,3,1,2,4,*,1,3,3, ,2,2, ,1,*,2,0,0,0,0
503,100044,       ,B,2,2,1,3,4,2,4,2,4,1,3,1,4,1,4,3,3,1,1,4,3,2,3,2,3,2,2,4,2,2,3,4,2,1,3,3,2,1,2,3,0,0,0,0
504,100049,8100049,A,2,3,4,3,2,4,4,3,4,4,1,4,1,1,4,1,3,1,4,3,2,1,1,3,4,4,4,2,1,3,2,4,1,4,3,2,4,3,3,3,0,0,0,0
505,100051,8100051,A,2,3,4,1,2,1,4,2,4,1,3,2,4,2,1,2,1,3,2,3,3,1,1,3,2,4,1,3,2,4,1,2,1,1,2,1,1,3,1,4,0,0,0,0
506,100052,8100052,B,2,4,1,2,4,1,3,2,2,2,2,4,2,3,1,4,3,1,1,3,3,4,3,1,2,1,4,2,3,1,4,2,4,3,3,1,1,2,1,4,0,0,0,0
507,100055,8100055,A,2,4,4,4,2,1,2,4,4,1,2,1,4,2,2,3,1,2,2,1,3,1,2,1,4,3,2,4,3,4,2,4,2,1,4,4,3,1,1,1,0,0,0,0
508,100056,8100056,B,4,1,4,3,1,4,4,4,1,1,4,1,4,1,4,3,4,2,1,4,1,2,1,3,4,3,4,3,3,4,3,4,3,1,3,2,1,2,4,1,0,0,0,0
509,100057,8100057,A,4,4,4,1,*,3,4,1,3,2,1,3,2,2,1,1,2,1,3,1,4,1,3,3,2,3,2,3,4,2,2,4,1,4,4,3,3,3,4,2,0,0,0,0
510,100058,8100058,B,4,4,4,2,3,4,1,1,3,3,2,1,2,3,3,4,4,2,4,1,3,4,1,4,1,1,2,2,3,4,3,2,3,1,1,3, , ,3,2,0,0,0,0
511,100061,8100061,A,2,4,2,4,2,2,4,4,3,4,1,1,1,1,1,2,1,3,4,1,4,3,2,2,2,3,2,2,2,2,3,4,3,3,2,3,3,3,1,1,0,0,0,0
512,100062,8100062,B,4,4,2,3,3,3,4,2,2,1,2,2,1,1,1,3,3,2,1,4,4,2,3,2,4,2,3,2,4,2,1,2,4,3,3,1,1,2,1,4,0,0,0,0
513,100063,8100063,A,4,4,4,4,2,1,2,2,1,1,1,4,1,2,1,1,2,1,2,4,2,1,1,2,1,4,4,3,3,4,4,4,2,4,2,4,3,1,3,2,0,0,0,0
514,100064,8100064,B, , , , ,4,2,4,4, , ,2, , , , , ,4,2,1,2,3,2,3,2,3,1,2, , ,4,4, ,3,3,3, , , ,1,4,0,0,0,0
515,100065,8100065,A,4,4,4,4,4,3,2,3,3,4,1,2,1, ,1, ,1,3,2,3, ,4,2,3,4,3,2, ,2, ,4,4,1,3,4,2,1,2,3,4,0,0,0,0
516,100069,8.00E+69,*,2,4,4,4,2,1,4,3,3,3,3,1,3,1,1,3,4,1,1,1,4,4, ,3,4,3,4,3,1,2,2,1,4,2,3,2,4,1,1,1,0,0,0,0
517,100070,8100070,B,2,4,2,1,3,4,4,2,2,3,1,3,3,3,4,4,3,2, ,1,1,4,3, ,4,2,4,2,2,2,1,4,4,4,3,3,3,1,2,4,0,0,0,0
518,100071,8100071,A,3,3,1,4,2,3,1,3,4,3,3,2,4,4,4,4,3,3,2,1,3,1,2,2,4,3,4,3,4,3,2,3,1,1,1,1,2,3,3,3,0,0,0,0
519,100072,8100072,B,4,3,4,2,4,4,4,2,3,1,2,3,4,1,4,3,4,3,4,2,4,2,2,4,4,3,2,2,4,2,2,4,4,2,3,1,2,2,2,2,0,0,0,0
520,100073,8100073,A,2,4,4,4,2,1,1,3,3,1,3,2,1,3,3,4,2,2,1,1,1,1,4,3,4,4,2,4,1,4,2,3,1,3,3,1,4,1,4,2,0,0,0,0
521,100074,8100074,B,3,1,1,2,3,1,4,2,3,1,1,4,2,1,1,3,3,4,3,3,1,3,1,4,4,2,4,3,2,2,3,2,4,1,3,4,1,2,1,1,0,0,0,0
522,100076,8100076,B,2,2,3,3,4,4,4,3,1,1,2,1,4,1,1,3,3,2,1,1,4,2,3,2,4,2,2,4,2,2,3,2,3,1,3,1,3,2,1,4,0,0,0,0
523,100077,8100077,A,2,4,4,1,3,1,2,3,4,1,1,1,1,2,1,3,2,2,1,1,4,2,3,4,2,3,2,2,2,2,2,2,3,1,1,3,2,3,1,4,0,0,0,0
524,100079,8100079,A,2,3,4,3,3,4,4,2,3,4,1,3,4,1,3,3,4,3,2,4,2,1,2,3,4,4,4,1,2,2,2,2,3,4,2,3,3,3,4,4,0,0,0,0
525,100081,8100081,A,2,4,2,4,3,2,3,4,1,1,3,3,3,3,4,2,4,3,2,4,4,1,2,4,4,4,2,1,2,2,2,4,2,3,3,3,4,3,1,3,0,0,0,0
526,100082,8100082,B,4,4,4,3,4,4,4,2,1,1,2,3,2,1,1,3,4,3,1,4,4,4,3,2,4,2,3,4,2,4,4,2,3,4,3,4,3,2,3,4,0,0,0,0
527,100083,8100083,A,2,4,4,4,2,1,4,3,3,4,1,4,*,2,1,3,2,2,4,4,1,1,1,1,2,2,4,2,1,1,2,4,2,1,2,2,3,1,3,3,0,0,0,0
528,100084,8100084,B,4,1,1,1,4,3,4,2,3,1,1,4,1,2,4,2,4,4,4,3,1,3,1,2,4,2,3,3,1,*,3,2,3,2,3,3,2,1,3,1,0,0,0,0
529,100085,8100085,A,2,4,4,3,2,1,4,1,3,4,1,4,4,1,1,1,2,1,1,4,3,1,2,4,2,4,2,3,3,3,2,2,2,4,2,2,1,3,3,1,0,0,0,0
530,100086,8100086,B,3,3,1,2,4,4,3,2,3,1,4,3,2,1,1,3,1,2,1,2,4,2,3,1,1,2,4,4,4,4,3,2,2,2,1,4,3,3,1,3,0,0,0,0
531,100087,8100087,A,4,4,4,4,2,2,3,3,4,3,1,2,4,1,2,3,3,3,3,1,3,3,4,2,3,2,4,3,3,4,3,3,2,4,3,1,3,1,2,4,0,0,0,0
532,100089,8100089,A,2,4,4,4,2,4,3,3,3,2,3,4,3,2,3,4,1,1,2,4,2,1,2,4,4,2,4,4,1,2,2,4,2,3,2,3,2,1,4,3,0,0,0,0
533,100090,8100090,B,4,3,4,1,2,3,4,3,2,1,2,1,4,1,1,3,4,2,1, ,4,2,3,2,4,2,4,3, ,2,3,2, ,3,3,3, ,2,1,4,0,0,0,0
534,100091,8100091,A,2,3,4,4,2,1,1,3,3,3,3,1,1,1,4,2,2,3,3,1,2,1,2,1,3,1,2,4,3,1,3,3,2,1,3,2,2,3,2,3,0,0,0,0
535,100093,8100093,A,2,4,3,4,3,1,1,2,3,1,1,4,1,2,1,2,4,1,4,4,1,1,2,3,2,1,4,2,2,2,2,4,1,1,2,3,4,2,2,3,0,0,0,0
536,100094,9800094,B,1,3,4,4,4,4,1,2,3,2,2,1,3,4,4,1,1,4,4,2,4,2,3,2,1,2,2,1,2,2,2,4,3,1,3,1,2,2,1,1,0,0,0,0
537,100095,8100095,A,2,4,4,4,2,1,2,2,3,4,1,4,1,2,4,4,2,1,4,1,1,1,2,4,2,2,2,3,2,2,2,4,4,1,2,2,2,1,1,3,0,0,0,0
538,100097,8100097,A,2,4,4,4,2, , , ,3,1,2,4,1,3,1,1, ,1,3,4, ,1,4,4,2,3,4,2, , , , , , , , , , , , ,0,0,0,0
539,100098,8100098,B,2,3,1,3,4,3,4,2,1,1,2,3,1,1,4,2,*,3,3, , , , , , , , , , , , , , , , , , , , , ,0,0,0,0
540,100099,8100099,A,3,1,4,4,2,4,4,3,2,2,2,2,3,4,1,4,3,3,2,4,2,1,3,4,4,1,2,2,4,2,2,4,3,2,3,3,2,3,3,2,0,0,0,0
541,100100,8100100,B,4,2,4,2,4,2,4,4,1,1,2,1,1,1,1,1,3,4,1,2,4,2,3,2,4,3,4,4,2,3,4,4,3,1,3,3,4,4,4,1,0,0,0,0
542,100101,8100101,A, , ,4, , , ,3, ,3,1, , , ,1, ,2,1,2,3,1, ,4,1,4,2,3,4,1,2,4, ,3,4, , , ,1,1, , ,0,0,0,0
543,100102,9810102,B,4,4,4,2,4,4,4,2,3,2,4,2,4,2,2,3,2,2,1,4,1,2,3,1,4,2,2,2,1,2,3,2,3,4,3,3,1,2,1,4,0,0,0,0
544,100103,9*10*1*,A,2,4,4,4,4,2,4,3,2,1,2,4,4,1,1,3,3,2,1,*,4,1,3,1,3,2,2,3,3,1,2,2,3,3,2,1, ,2,4,1,0,0,0,0
545,100106,81001**,B,3,4,4,2,1,4,1,3,3,4,1,4,2,3,2,1,4,2,3,1,4,2,3,4,2,2,4,1,3,2,4,2,3,1,1,4,2,3,2,4,0,0,0,0
546,100107,8100107,A,2,4,4,4,2,2,1,4,3,1,2,4,1,2,1,2,2,3,2,4,2,1,2,3,4,3,2,2,1,1,2,4,1,1,4,4,3,3,4,2,0,0,0,0
547,100108,8100108,B,4,4,1,2,4,2,4,2,1,1,2,1,4,2,4,3,3,2,1,4,4,2,1,4,4,2,1,1,4,4,3,4,4,4,3,2,2,2,4,1,0,0,0,0
548,100110,8100110,B,3,4,4,3,4,2,4,4,2,1,2,4,4,1,1,3,3,2,1,3,3,2,3,1,3,2,2,3,3,1,4,2,3,3,3,1,4,2,4,1,0,0,0,0
549,100111,8100111,A,2,3,4,4,3,4,4,1,2,1,3,4,4,4,4,3,2,1,2,4,4,3,3,3,2,3,4,2,3,4,3,2,4,1,2,3,4,3,4,4,0,0,0,0
550,100112,8100112,B,1,4,1,2,4,2,4,2,2,1,1,3,4,3,1,3,3,2,1,2,4,2,3,2,2,2,1,3,1,2,2,3,3,1,1,3,4,1,1,4,0,0,0,0
551,100113,8100113,A,3,4,4,4,2,3,4,2,4,3,1,4,1,2,1,1,2,3,2,4,1,3,3,*,2,1,2,4,3,2,2,4,4,4,2,1,1,3,4,3,0,0,0,0
552,100114,9810014,B,2,1,2,3,1,2,3,2,1,4,4,2,4,2,4,2,4,4,1,1,4,2,1,1,3,2,3,1,4,2,3,4,3,1,3,1,4,3,2,4,0,0,0,0
553,100115,8100115,A,2,3,4,4,2,1,3,3,2,1,3,4,1,3,2,2,1,3,2,2,4,1,1,3,2,1,4,4,2,3,1,4,2,4,2,2,2,3,1,4,0,0,0,0
554,100116,8100116,B,1, ,2,2,*,4,3,*,1,1,2,3,4,4,4,3,3,4,3,4,2,2,1,2,2,4,1,1,4,4,4,2,4,1,3,2, , , , ,0,0,0,0
555,100117,8100117,A,2,3,4,3,2,4,2,1,2,1,3,4,4,4,4,3,2,3,2,4,4,3,3,3,2,3,4,2,3,4,3,2,4,1,3,2,4,3,4,4,0,0,0,0
556,100118,8100118,B,3,1,1,2,4,3,4,2,2,1,1,3,4,3,1,3,2,2,1,2,4,2,4,2,2,2,1,3,1,4,2,2,3,3,1,3,4,1,1,4,0,0,0,0
557,100119,*100199,A,2,3,3,4,2,1,3,1,2,1,2,4,3,2,2,2,1,4,2,1,3,4,1,2,4,3,4,3,1,3,1,2,2,4,2,1,3,1,2,3,0,0,0,0
558,100120,8100120,B,3,1,2,2,3,1,4,3,3,4,1,2,1,3,2,2,4,3,2,2,3,1,3,3,4,4,2,2,4,2,4,2,3,3,3,3,2,3,4,1,0,0,0,0
559,100121,8100121,A,2,3,4,4,3,4,4,3,4,2,1,2,3,2,3,2,2,3,2,2,3,2,3,3,2,4,2,2,2,2,2,3,2,2,2,3,1,2,1,3,0,0,0,0
560,100122,8100122,B,3,2,4,4,1,4,4,2,1,4,2,4,1,3,3,4,4,1,1,1,1,3,1,2,4,2,1,1,4,2,2,4,2,2,3,3,1,4,4,4,0,0,0,0
561,100123,8100123,A,4,4,4,4,2,1,1,3,1,4,1,1,4,2,1,2,4,4,2,3,1,3,4,3,2,3,1,3,4,2,4,3,1,3,2,3,2,3,2,3,0,0,0,0
562,100124,8100124,B,4,4,1,2,3,4,4,2,2,1,2,1,4,1,1,3,3,2,1,3,4,3,3,4,3,2,3,1,1,2,4,2,3,3,3,3,3,1,3,4,0,0,0,0
563,100125,8100125, ,2,4,1,1,2,4,3,3,3,2,1,4,3,1,1,1,2,3,4,3,4,3,4,3,4,1,1,2,3,4,2,2,4,1,2,1,4,1,1,2,0,0,0,0
564,100126,8100126,B,4,2,1,2,4,4,4,2,3,1,1,4,2,2,2,3,3,1,1,3,1,4,3,2,4,2,4,1,1,3,3,2,3,1,3,3, ,2,3,4,0,0,0,0
565,100128,       ,B,2,2,1,2,2,1,4,3,3,1,1,4,4,4,4,3,3,2,4,2,4,3,3,2,1,2,2,4,2,2, ,2,2,1,1,3,3,1,3,1,0,0,0,0
566,100129,8100129,A,2,4,1,4,2,1,2,4,3,3,4,4,4,4,1,3,1,3,2,4,2,1,2,4,2,3,2, , , , ,1,3,3,4, , , , , ,0,0,0,0
567,100130,8100130,B,4,4,2,2,4,4,3,3,2,1,1,3,3,1,1,3,3,4,3,3,2,2,1,2,4,2,3,1,1,2,4,2,4,3,2,3,2,3,3,1,0,0,0,0
568,100131,8100131,A,2, ,4,4,3, ,1,3,3,3, ,4,1,1,1,3,2,3,2,4, ,4,3,4,1,2,2,3, , ,3, , , ,2, , ,3,3,1,0,0,0,0
569,100132,       , ,2,4, ,2,4,4,4,2, ,1,3, , , ,1,4,3,2,1, ,1,2,1,2,2,2,4,3,2,2,4,2,1,3,1,3,2,2,1,4,0,0,0,0
570,100133,8100133,A,3,3,4,4,2,4,3,3,2,2,4,4,4,2,1,1,4,4,1,3,2,2,3,3,2,3,2,4,2,4,3,3,2,3,3,2,3,1,1,3,0,0,0,0
571,100134,8100134,B,2,1,4,4,2,4,3,3,3,2,3,4,4,1,4,2,3,2,3,2,4,3,3,2,4,2,2,3,1,2,4,3,2,2,1,1,3,3,3,1,0,0,0,0
572,100135,8100135,A,2,1,4,4,2,4,3,3,4,3,3, ,3,2,3,1,2,3,1,1,2,2,1,1,1,3,2,4,2,4,*,3,3,3,1,2,3,1,3,3,0,0,0,0
573,100136,8100136,B,3,1,2,2,4,4,1,2,1,2,3,3,2,1,3,2,4,1,1,2,3,1,1,2,3,2,1,1,3,1,1,2,3,4,1,3,3,3,3,3,0,0,0,0
574,100138,       ,B,3,2,3,3,2,3, ,2, ,4,2,3,2,3,3,2,4,*,1, ,2,2,3,2,3,1,1,3,1,3,3,2,3,3,2,3, , , , ,0,0,0,0
575,100139,9*** 9 ,A,2,3,1,3,2,4,1,4,2,3,3,2,3,4,2,2,2,3,4,2,1,2,1,3,4,2,2,4,4,2,1,1,2,3,4,1,3,4,1,2,0,0,0,0
576,100140,8100140,B, , , ,2,4,4,4,2,3,1,2,1,2,1,4,3,3,1,4,2,1,2,3,4, ,2,3,4,3,4,4,4,1,4,3,1,4,2,1,4,0,0,0,0
577,100141,8100141,A,2,4,4,4,2,4,4,3,4,3,3,2,3,4,1,2,2,1,1,3,3,4,2,3,4,4,2,4,3,4,3,3,3,3,1,2,3,1,3,3,0,0,0,0
578,100142,8100142,B,3,2,1,2,4,2,4,2,2,4,2,1,4,1,3,3,1,1,1,3,4,2,3,1,3,2,4,2,1,2,4,2,3,3,3,3,3,2,2,4,0,0,0,0
579,100143,8100143,A,2,4,4,1,2,2,2,2,3,1,3,2,3,1,1,2,2,3,2,3,3,1,2,1,2,2,4,2,2,1,2,4,2,4,2,3,2,3,1,3,0,0,0,0
580,100144,8100144,B,2,2,1,3,4,3,3,4,3,1,2,4,2,1,3,2,3,4,1,2,3,4,4,4,1,2,4,2,2,1,2,3,1,2,4,4,3,4,1,1,0,0,0,0
581,100145,8100145,A,2,2,4,4,2, , ,3,2, , ,1,4,2,3, ,1,3,2, ,1,1,2,1,2, ,2,1,3,3,4,3,4,1,4, , ,3,1,3,0,0,0,0
582,100147,8100147,A,3,4,4,1,3,4,3,1,3,1,1,4,2,3,1,3,3,3,2,4,2,2,1,4,4,2,4,3,2,4,2,4,3,1,3,2,3,*,1,4,0,0,0,0
583,100148,       ,B,3,4,2,2,3,4,1,3,3,1,2,3,4,4,3,3,4,1,3,3,4,4,3,3,3,2,4,2,2,2,4,4,1,2,1,4,3,2,2,3,0,0,0,0
584,100149,8100149,A,1,2,1,3,3,4,3,3,3,1,1,3,3,2,1,2,2,3,3,1,4,2,2,4,4,4,2,1,1,3,4,4,4,3,2,4,3,3,3,3,0,0,0,0
585,100150,8100150,B,1,2,4,2,4,4,1,2,2,1,1,4,2,1,4,3,2,2,1,1,*,2,3,4,4,2,4,3,1, ,3,2,1,3,3,4,4,2,4,1,0,0,0,0
586,100151,8100151,A,3,4,4,4,2,4,2,3,3,3,1,4,1,1,1, ,2,1,2,3, ,1,1,4,2,3,2,4,4, ,2, ,2, ,2, , ,3,1,2,0,0,0,0
587,100153,8100153,A,2,4,4,4,2,3,4,4, , , , ,2,4,1,2,1,3,3,1, ,1,2,1,2,4,2,3, , , ,4, ,1,2, , ,3,1, ,0,0,0,0
588,100155,8100155,A,2,4,4,4,2,4,2,1,3,1,1,2,3,2,1,2,4,3,2,4, ,4,1,3,4,3,3,3, ,4,2,4, , ,2, , ,3,3, ,0,0,0,0
589,100156,8100156,B,1, ,4,2,4,4,4,2,2,1,*, ,2,1, ,3,2,1,4,2,3,2,3,4,4,2,4,1,3,4,3,4,4,3,3,2,3,2,1,3,0,0,0,0
590,100157,8100157,A,2,4,1,4,2,1,1,2,3,4,1,2,3,1,1,2,2,1,3,2,4,4,3,3,2,4,2,2,1,2,2,4,2,2,2,3,2,3,2,3,0,0,0,0
591,100158,8100158,B,3,4,2,2,4,4,4,2,4,1,1,1,2,4,3,4,3,2,1,4,1,3,1,4,4,2,4,1,2,2,3,4,3,1,3,3,2,2,1,1,0,0,0,0
592,100160,8100160,B,3,4,4,3,2,3,4,2,2,1,2,2,2,1,4,3,1,1,3,3,4,1,3,2,3,2,4,1,4,2,3,4,3,3,3,1,2,3,4,1,0,0,0,0
593,100161,8100161,A,2,4,3,4,2,4,4,4,4,1,1,4,3,2,1,1,2,3,4,4,4,2,1,4,2,3,4,4,4,3,2,3,3,2,4,2,4,3,3,4,0,0,0,0
594,100162,8100162,B,1,2,4,3,4,4,4,3,2,1,3,1,4,1,4,3,4,4,1,2,4,2,3,2,3,2,4,1,3,3,3,3,4,3,3,4,3,3,4,1,0,0,0,0
595,100164,8100164,B,3,4,2,2,4,4,1,2,4,1,1,1,2,4,3,4,1,1,4,4,1,3,3,2,4,2,2,1,2,2,3,2,4,1,3,4,2,3,4,4,0,0,0,0
596,100166,8100166,B,2,4,4,2,2,3,4,2,2,1,3,1,4,1,4,1,1,1,4, ,1,1,3,2,4,2,4,1,2,3,1,3,3,4,3,2,2,3,4,1,0,0,0,0
597,100168,8100168,*,1,2,4,4,4,4,3,2,2,1,3,1,4,1,4,3,3,4,1,3,4,2,3,2,4,2,4,1,3,3,3,3,4,3,1,4,3,3,4,1,0,0,0,0
598,100169,8100169,A,2,4,3,4,2,1,3,3,4,2,1,2,1,1,1,1,2,3,2,4,3,4,4,1,1,1,3,3,4,3,2,3,3,3,2, ,3, ,4, ,0,0,0,0
599,100170,8100170,B,4,3,4,2,4,4,4,1,1,3,1,2,4,2,1,3,4,2,1,3,1,2,1,2,3,2,1,4,1,2,1,4,3,1,3,3,3,2,2,3,0,0,0,0
600,100171,8100171,A,4,4,4,3,2,1,4,2,3,4,2,2,3,4,2,3,3,2,3,3, ,1,*, , , , , , , , , , , , , , , , , ,0,0,0,0
601,100172,8100172, ,2,4,1,2,3,1,4,2,3,1,1,2,4,3,1,3,2,2,2,4,2, ,3, ,4,4,3,3,2,2,4,2,4,1,3,3, , , , ,0,0,0,0
602,100173,8100173,A,2,4,1, ,2,1,4,1,3,1,1,2,3,3,1,2,2,3,2,4, ,3,3,4,2, ,2,2,3,4,3,4, , ,2, ,4,3,1, ,0,0,0,0
603,100174,8100174,B,4,4,4,2,4,2,4,2,1,1,2,1,4,3,4,3,4,2,4,4,3,2,3,1,4,2,2,1,2,2,4,2,3,1,3,4,1,2,3,1,0,0,0,0
604,100175,8100175,A,2,4,2,3,2,1,1,2,2,2,1,4,4,2,3,1,1,1,1,4,1,2,3,2,2,4,4,1,1,2,1,4,1,3,2,4,3,1,3,3,0,0,0,0
605,100176,8100176,B,4,2,2,2,3,4,4,2,2,2,2,3,3,2,2,2,4,2,4,1,1,2,3,2,3,2,3,2,2,3,3,4,3,1,3,2,2,3,3,3,0,0,0,0
606,100179,8100179,A,3,4,1,1,3,2,4, ,3,1,3, ,3,3,2,3,3,4,2,4,3,1,3,4, , ,2,2,3,4,3,4,2,1,2,2,4,3,1,4,0,0,0,0
607,100180,81001*0,B,2,1,4,3,3,4,3,4,1,3,2,1,4,1,2,3,3,4,1,3,1,4,2,1,1,4,3,3,3,2,3,2,3,1,2,3,3, ,2, ,0,0,0,0
608,100221,8100181,A,2,4,4,4,4,1,1,3,3,1,1,4,1,3,3,3,4,4,4,4,4,4,2,3,3,3,2,2,2,2,2,4,1,1,1,2,2,2,3,3,0,0,0,0
609,100222,8100182,B,3,2,1,2,3,4,4,3,1,1,4,4,2,4,2,2, ,2,1,1,4,2,1,2,2,2,3,2,3,4,1,4,2,2,2,3,4,2,4,2,0,0,0,0
610,100223,8100183,A,2,4,4,4,1,1,4,2,3,3,1,4,3,2,1,1,2,3,3,1,4,1,2,4,2,3,2,4,3,3,2,4,1,1,3,3,1,3,1,2,0,0,0,0
611,100224,8100184, ,3,4,1,3,4,4,4,2,2,1,2,1,2,4,1,4,2,2,1,2,4,2,2,4,4,2,2,1,3,2,4,2,4,4,2,3,2,1,3,1,0,0,0,0
612,100225,8100185,A,4,4,4,4,2,4,4,3,1,3,4,2,4,2,1,1,1,4,4,3,3,2,1,4,4,3,2,4,1,3,2,4,4,3,2,4,2,3,2,4,0,0,0,0
613,100226,8100186,B,2,2,1,3,3,4,4,3,4,1,3,4,1,2,4,3,3,2,1,1,4,4,3,2,4,3,4,3,3,2,4,2,3,1,3,1,1,3,2,3,0,0,0,0
614,100227, 10 187,A,4,3,4,3,2,3,3,1,3,3,3,3,3,2,2,2,2,3,3,3,3,1,4,3,2,3,3,3,3,3,3,2,3,3,3,3,3,3,2,3,0,0,0,0
615,100228,8100188,B,3,4,4,2, ,4,1,2, ,3,2,1,1,2,3,4,4,4,4,3,1,1,3,1,1,2,2,1,4,1,3,2,1,3,3,1,3,3,4,3,0,0,0,0
616,100229,8100189,A,2,4,4,4,2,1,1,3,4,2,2,2,3,2,1,2,2,1,3,1,2,1,2,1,4,3,2,4,1,4,3,4,1,1,2,1, ,1,4,2,0,0,0,0
617,100231,8100191,A,2,4,4,4,2,2,2,3,2,4,4,2,1,2,1,3,2,1,3,3,1,1,2,3,2,3,1,4,1,2,2,1,3,2,1,3,3,1,4,2,0,0,0,0
618,100232,192,B,3,4,4,2,4,3,4,3,1,3,1,1,2,1,2, , ,3, ,2,3,2,1, , , , , , , , , , , , , , , , , ,0,0,0,0
619,100233,8100193,A,2,4,2,3,3,4,1,2,1,4,1,3,1,2,1,2,3,2,3,2,1,2,2,4,1,1, , , , , , , , ,3, ,1,3,2,3,0,0,0,0
620,100234,8100194,B,2,1,4,4,2,2,3,2, ,1,2, ,4,1,4,3,4,2,1,2,1,1,1,1,1,1,1,1,1,2, ,1,4, ,4,1, ,1,1,1,0,0,0,0
621,100235,8100195,A,2,4,4,4,2,4,4,4,3,4,1,4,2,3,1,2,2,3,2,4,1,1,2,3,4,4,4,2,1,4,3,4,1,1,2,3,4,3,1,3,0,0,0,0
622,100236,8100196,B, ,4,1,2, ,4,4, , ,1,1, ,4,1, ,3,4,2,1, ,4,2,3, , ,2, , , , ,3,4,4, ,3,4,1,3, , ,0,0,0,0
623,100238,9810019,B,2,4,4,3,4,4,4,2,4,1,2, ,4,1,4,3,4,2,1,2,4,2,3,2,2,3,4, , ,2,2,2,3,4,3,2,2,2,2,1,0,0,0,0
624,100239,8100199,A,2,4,2,3,3,4,1,2,4,2,1,1,1,2,1,3,2,3,2,3,1,1,2,2,3,3,3,2,4,3,1,4,3, ,3,2,1,3,1,3,0,0,0,0
625,100241,8100201,A,3,4,4,4,4,1,3,1,3,4,1,4,4,3,1,3,4,2,2,4,3,1,1,4,4,4,4,2,3,4,2,3,3,4,2,3,2,3,3,2,0,0,0,0
626,100242,8100202, ,2,3,4,4,4,2,3,*,4,1,2,4,4,1,4,3,4,2,1,3,4,2,3,4,2,4,3,4, ,2,2,*,3,4,3,2,4,2,*,1,0,0,0,0
627,100243,8100203,A,2,4,4,4,2,1,3,4,3,2,1,2,4,3,1,4,4,2,3,3,4,3,2,4,4,3,4,4,2, ,2,2,1, ,2, , ,3, , ,0,0,0,0
628,100244,8100204,B,2,4,4,3,4,2,4,2,3,1,3,3,4,1,4,3,4,2,1,3,4, ,3,4,4,1,2,1,2,2,3,2,3,1,3,2,2,3,2,3,0,0,0,0
629,100245,8100205,A,3,4,2,4,2,4,1,3,3,1,1,4,1,1,1,3,2,3,2,4,1,1,3,1,2,3, , , , , , , , , , , , , ,3,0,0,0,0
630,100246,8100206,B,3,4,1,2,4,4,4,2,1,1,4,3,4,1,3,3,3,2,1,3,4,2,3,4,4,2,3,4,2,2,4,2,2,3,3,4,1,2,2,1,0,0,0,0
631,100247,8100207,A,2,4,4,4,2,4,4,2,2,2,2,4,1,2,2,2,2,3,2,4,3,1,4, , , , , , , , , , , , , , , , , ,0,0,0,0
632,100248,8100208,B,1,1,4,2,4,1,4,2,3,2,1, , , , , ,4,2,4,1,4,2,3,2, , , , , ,2, ,2,3, ,3,2,3, ,4,4,0,0,0,0
633,100250,8100210,B,2,4,1,2,3,4,4,2,2,1,4,3,1,3,2,4,4,2,1,3,4,2,3,2,4,3,2,1,4,2,1,2,1,3,2,1,3,3,4,2,0,0,0,0
634,100252,8100212,B,3,1,1,2,3,4,4,2,1,4,1,1,2,1,4,3,4,2,1,2,3,2,2,1,1,2,2,2,1,2,3,2,2,4,3,4,1,2,1,4,0,0,0,0
635,100253,8100213,A,2,3,4,4,2,2,1,4,3,2,4,4,3,4,2, ,1,3,1,1,2,1,3,1,4, ,4, ,2,4,4,4,4,2,3,3,2,3, , ,0,0,0,0
636,100256,8100216,B,3,2,2,2,4,3,4,2,2,1, ,3,4,1,1,3,1,2,1,1,3,2,1,4,2,2, ,1,2,2,1,4,3,1,1,1,4,3,2,3,0,0,0,0
637,100257,8100217,A,2,2,4,4,2,2,4,4,4,2,1,1,1,4,3,4,2,3,4,4,2,1,2,3,2,1,2,4,4,2,2,3,3,2,2,3,2,3,1,4,0,0,0,0
638,100258,8100218,B,4,1,3,3,4,4,3,4,2,1,4,3,2,3,1,2,4,1,1,3,4,2,3,1,1,1,2,2,3,1,4,2,2,1,1,2,3,2,2,1,0,0,0,0
639,100259,8100219,A,2,4,4,4,2,3,3, ,3, ,4,4, ,2, , ,2,3,4,4,1,1,4,3,2,3,2,3,3,3,2,2,4,1,4,3,2,3, ,3,0,0,0,0
640,100261,8100221,A,2,4,4,4,3,2,2,4,2,1,1,4,4,2,4,2,2,1,4,3,1,1,2,1,4,3,2,2,1,1,3,3,4,3,4, , ,3, , ,0,0,0,0
641,100262,8100222,B,3,2,1,2, ,4,2, , ,1,2, ,2,3,2, ,4,2,1, ,*, ,4,2, ,2,4, ,3,4,3,2, , ,1,3, ,2, ,2,0,0,0,0
642,100263,8100223,A,2,3,4,4,3,4,3,4,3,2,1,1,4,2,4,1,3,4,3,1,3,3,3,1,4,3,4,4,1,2,2,4,1,3,2,3,3,3,4,3,0,0,0,0
643,100264,8100224,B,3,1,1,2,4,4,4,2,3,2,2,1,3,3,4,3,4,1,1,3,4,2,3,2,1,2,2,1,2,2,4,4,4,3,1,3,2,2,2,2,0,0,0,0
644,100265,81*0225,A,2,4,4,4,2,3,3,3,3,4,1,4,1,1,1,2,2,3,2,4,3,4,3,4,3,2,4,3,1,4,2,4,3,2,3, ,2,2,3,2,0,0,0,0
645,100266,8100226,B,3,2,1,2,4,4,4, ,2,1,1,1,4,1,4,3,4,4, ,3,3, ,4,2,1,3,2,1, ,3,2,2,1,1,3,2, , ,3, ,0,0,0,0
646,100268,8100228,B,3,2,2,3,4,3,4,2,1,3,2,1,4,1,4,3,1,2,1,4,3,2,3,2,3,3,4,4,4,*,1,4,4,3,3,3,2,2,4,2,0,0,0,0
647,100269,8100229,A,2,4,4,4,2,1,2,4,4,4,3,4,4,2,1,1,1,3,2,1,4,1,2,4,2,1,2,2,1,2,2,3, , ,2,3, ,1,1,3,0,0,0,0
648,100270,8100230,B,3,2,1,2,4,4,3,2,4,2,2,3,2,3,3,2,4,3,1,3,3,4,1,2,3,2,2,2,4,2,4,3,2,3,4,1,4,3,3,3,0,0,0,0
649,100271,8100231,A,2,3,4,3,2,4,4,4,3,1,1,4,4,4,4,1,3,3, ,1, ,3,3,3,4,3,4,1,4, ,4,4,4,4,3,3,2,2,3,2,0,0,0,0
650,100272,8100232,B,4,2,3,4,4,4,3,4,1,1,4,3, , ,4,3,4,1,1,3,4,2,3,3,3,2,1,3,3,3,2,1,2,2,2,2,2,3,2,3,0,0,0,0
651,100273,8100233,A,2,4,4,4,2,1,4,3,3,4,1,4,3,4,1,3,4,3,3,4,4,2,3,3,4,3,2,3,4,4,4,4,4,2,2,2,3,3,3,3,0,0,0,0
652,100274,8100234,B,3,4,2,2,4,2,4,2,1,1,4,1,3,1,2,2,3,2,1,1,1,2,3,2,4,2,4,4,3,2,4,2,1,3,3,2,1,2,2,4,0,0,0,0
653,100275,8100235,A,2,4,2,3,2,1,4,2,4,1,1,4,3,4,1,3,2,4,3,3,2,4,1,1,4,1,4,2,1,1,2,3,2,4,2,3,4,3,3,4,0,0,0,0
654,100276,8100236, ,2,4,3,3,4,*,4,1,3,4,1,4,2, ,2,2,4,3,2,1,2,4,2,2,1,*,4,1,3,2,3,2,1,4,3,3,4,3,1,1,0,0,0,0
655,100277,8100237,A,2,4,4,4,2,4,1,3,4,*,1,4,4,3,1,4,2,1,2,4,4,3,4,1,2,1,1,2,3,4,2,4,1,1,2,4,*,3,2,3,0,0,0,0
656,100278,8100238,B,2,4,3,1,4,1,4,2,3,4,1,2,4,2,2,2,2,3,1,4,2,4,2,3,3,1,4,2,3,2,3,2,2,1,1,3,4,3,1,1,0,0,0,0
657,100280,8100240,B, , , ,2,1,4, ,2, ,1,2, ,1,1,2, ,1,1,1,4,4,4,3,1,4,2,3,3,3,2,4,4,2,1,1,4,3,1,2,4,0,0,0,0
658,100182,8100242,B, , ,1,2, ,4, ,2, , ,*, ,4,2,3,3,3,3, ,1,1,2,3, ,4,1, , ,4,4,4,4, , ,1, , ,3, , ,0,0,0,0
659,100184,8100244,B,3,2,1,2,4,4,1,2, ,1,1,3,4,1,2,1,3,2,4,1,1,2,1,2,4,2,4,3,3,3,1,3,1,1,2,2,2,2,2,2,0,0,0,0
660,100185,8100245,A,3,4,2,3,3,3,3,3,3,1,1,4,3,3,1,2,2,3,2,4,3,1,2,3,2,4,2,2,3,4,3,4,3,3,2,3,3,3,3,3,0,0,0,0
661,100187,8100247,A,2,3,4,4,2,3,4,1,2,1,3,3,1,3,3,1,2,2,2,1,4,4,4,2,4,2,4,4,4,2,3,4,1,2,4,1,3,1,4,3,0,0,0,0
662,100188,8100248,B,1,2,4,3,4,4,3,3,2,1,2,4,4,1,3,3,3,2,4,4,2,4,1,2,1,4,2,2,2,2,2,2,3,4,4,1,2,2,3,2,0,0,0,0
663,100190,8100250,B,1,3,2,2,4,4,3,2,1,4,4,3,2,4,3,4,4,3,2,2,1,2,1,2,4,2,2,1,3,1,1,4,2,1,3,3,3,3,1,3,0,0,0,0
664,100192,8100252,B,2,2,2,3,3,2,4,2,2,4,1,4,2,3,4,3,2,2,1,1,4,2,3,2,2,2,4,2,2,3,1,2,1,2,4,2,1,2,2,2,0,0,0,0
665,100193,8100253,A,2,3,4, ,2, , , ,3,1, , , ,2,1, ,2,3, , , , , , , , , , , , , , , , , , , , , , ,0,0,0,0
666,100196,8100256,B,2, ,4,2, ,4,4,2, , , ,1,2, ,2, , , , , , , ,2,2,4,2,2, ,3,4,3,4, ,2,1,2,4,2,4,2,0,0,0,0
667,100197,8100257,A,2,4,4,4,3,3,2,1,4,2,3,2,1,4,1,3,2,1,2,1,4,4,3,4,2,3,2,4,1,2,1,4, , , , , , , , ,0,0,0,0
668,100199,8100259,A,2,3,4,1,2,1, , ,4,1, , , ,4,1,4,2,3, ,1, , , , ,4,4,2,3,3,2,3,3,1,4,2,2, ,2,2,3,0,0,0,0
669,100200,8100260,B,4,4,3,2,4,4,3,1,2,3,1,1,4,1,2,4,3,2,4,2,4,2,1,2,2,2,4,2,3,2,3,4,2,4,2,2,3,4,1,3,0,0,0,0
670,100202,8100261,B,4,2,1,1,3,4,4,4,2,3,4,4,3,1,2,4,1,1,1,2,4,4,3,3,1,2,4,2,3,2,3,4,2,4,2,2,3,3,3,3,0,0,0,0
671,100203,8100263,A,2,4,4,4,3,3,2,1,4,2,3,2,1,4,1,3,2,3,2,1,4,3,1,2,1,4,1,3,2,1,3,2,1,4,3,2,2,4,3,2,0,0,0,0
672,100204,8100264,B,1,2,1,3,4, , ,3, , ,2,4,2, ,3,2,4,3,4,4,4,3,3,1,4,2,3,1,4,2,3,2,3,3,1,3,3,4,4,3,0,0,0,0
673,100205,8100265,A,2,3,4,3,2,1,4,1,3,1,1,4,1,2,1,3,1,3,4,3,3,1,1,3,4,4,2,3,1,2,2,4,1,1,4,3,1,1,1,2,0,0,0,0
674,100206,8100266,B,1,3,2,2,4,1, ,2,1,1,2,1, , ,2,3,4,4,4,2,4,2,2,1,4,2,4,3,2,3,4,2,3,3,3,2,4,2,3,2,0,0,0,0
675,100207,8100267,A,2,3,4,3,2,4,4,1,3,4,1,4,1,2,1,3,1,3,4,*,2,1,4,1,4,3,2,4,2, ,1,2,1,3,3,3,1,*,1,2,0,0,0,0
676,100209,8100269,A,1,3,4,4,3,4,4,2,3,3,3,1,2,1,4,1,1,2,4,3,3,4,1,3,2,3,4,2,1,2,1,3,3,2,3,1,1,1,2,2,0,0,0,0
677,100211,8100271,A,2,4,4,4,2,1,4,2,3,1,1,4,3,1,1,1,2, ,2, ,1,1,2,4,2,4,2, ,1, ,2,3,1, ,2, , , , ,1,0,0,0,0
678,100212,8100272,B,2,4,4,2,4,1,4,2,1,3,2,1, , , , ,1,1,1,2,4,2,3,1,4,2,4,3,1,2,3,1, , , , , , , , ,0,0,0,0
679,100213,*100273,A,2,4,4,3,2,4,4,3,3,1,1,4,3,1,2,1,2,1,2,1,2,1,2,4,2,4,2,4,2,4,2,2,3,1,3,1,3,1, , ,0,0,0,0
680,100214,8100274,B,3,4,4,2,4,4,4,2,1,1,2,1,3, , , ,1,1,1,1,4,2,3,2,4,2,4,3, ,2,4,2,2,3,2,4, , , , ,0,0,0,0
681,100215,8100275,A,2,4,4,4,2,2,3,4,3,4,3,3,2,2,2,2,3,3,2,1, ,1,2,4,4,1,2,3,1,3,2,4,2,3,4,1,3, ,3,1,0,0,0,0
682,100216,8100276,B,3,1,2,2,3,4,4,2,2,1,1,2,3, ,4,3,4,2,1, ,1,2,3,4, ,2, ,1,3,2,1,4,1,3, ,3, ,4,2,4,0,0,0,0
683,100217,810*277,A,3,4,4, ,2,1, , ,3,3,1,4, ,1, , , , , , , ,1, ,3, ,3,2,2, ,4,3,4, , , , , ,4, , ,0,0,0,0
684,100218,8100278,B, ,2,4,3,3,2,4,3,2,3,3,1,4,1,1,3,4,2,1,4,4,2,3,2,1,3,4,3,3, ,1,4, ,1,3,1, ,3, , ,0,0,0,0
685,100220,8100280,B,2,4,2,3,4,4,4,2,2,1,3,1,4,1,1,3,4,2,1,4,4,2,3,2,3,2,1,3,4,2,3,2,3,1,3,2,4,2, , ,0,0,0,0
686,100541,8100281,A,2,4,4,4,2,2,3,4,3,3,1,4,1,2,4,3,2,3,4,2,3,1,2,4,4,3,2,2,1,3,1,3,3,2, ,3, ,2, ,4,0,0,0,0
687,100542,8100282,B,2,1,4,2,4,4,1,2,2,1,2,1,4,3,1,1,4,2,1,1,4,2,1,2,4,2,3,1,2,2,3,2,3,1,3,2,3,1,1,1,0,0,0,0
688,100543,8100283,A,3,4,4, ,2,1,2,3,3,3, ,4,4,1, , , , , , , , , , , ,3,2,2, ,4,3,4, , , , , ,4,1, ,0,0,0,0
689,100544,8100284,B, ,4,3,2,4,4,4,2, , , , , , , , ,3,3, , , , , , , ,2,1,4,1,2,4,2,3,1,3,3, ,2, , ,0,0,0,0
690,100545,8100285,A,2,4,3,4,2,1,3,2,3,1,4,4,1,2,1,2,2,3,2,1,1,3,2,4,2,3,2,1,3,2,2,3,4,4,1,2,1,3,3,2,0,0,0,0
691,100546,8100286,B,2,2,1,3,4,4,4,2,2,1,3,1,4,1,1,3,4,2,2,1,4,2,3,2,3,2,1,3,4,3,4,2,3,1,3,3,3,2,2,3,0,0,0,0
692,100549,8100289,A,2,4,4,4,2,4,4,3,4,2,1,4,1,2,4,1,1,1,4,4,1,1,4,1,4,2,2,1,4,*,4,1, , , , , ,3, , ,0,0,0,0
693,100550,8100290,B,2,2,2,1,3,1,4,2,1,1,1,1,4,1,4,3,4,2,1,1,4,2,3,2,4,2,3,4,3,2,2,2,3,1,3,1,2,2,4,4,0,0,0,0
694,100551,8100291,A,3,4,4,4,2,1,4,3,2,4,2,4,3,2,1,2,2,1,2,4,1,2,2,4,4,4,2,3,3,2,2,3,1,3,3,1,1,1,3,2,0,0,0,0
695,100553,8100293,A,2,4,4,2,3,1,2,2,3,1,1,4,1,3,3,2,4,3,2,3,2,1,2,3,2,1,4,2,4,4,2,3,1,1,4,3,3,2,3,2,0,0,0,0
696,100554,8100294,B,2,1,1,3,1,2,3,2,2,1,2,4,2,3,1,1,3,3,1,2,1,2,3,4,3,2,2,1,2,4,2,1,2,3,3,2,1,1,4,1,0,0,0,0
697,100555,8100295,A,2,3,4,1,2,3,2,2,4,3,1,1,1,2,3,2,1,3,4,4,2,3,2,3,2,4,4,1,3,2,2,3,2,3,2,2,3,2,3,2,0,0,0,0
698,100557,8100297, ,2,4,2,4,2,1,2,2,3,1,1,2,1,4,1,2,2,1,3,4,1,4,2,3,2,4,2,3,3,2,2,3,1,*,3,4,2,3,2,3,0,0,0,0
699,100558,8100298,B,4,4,1,4,4,4,4,4,*,4,3,4,4,3,3,3,1,3,1,1,4,2,3,2,2,3,4,4,2,4,3,2,1,1,3,3,1,2,1,1,0,0,0,0
700,100559,8100299,A,2,3,4,4,3,4,4,2,3,2,1,2,4,2,1,2,3,3,2,4,3,2,3,4,2,4,2,1,2,3,2,4,3,2,2,4,1,3,4,2,0,0,0,0
701,100560,8100300,B,3,3,4,2,4,4,4,2,2,1,2,3,2,1,1,3,4,2,1,1,4,2,3,4,3,2,3,2,2,4,2,3,3,1,3,3,2,4,4,1,0,0,0,0
702,100903,8500003,A,4,4,4,4,2,4,3,4,4,4,4,4,3,2,4,1,3,3,3,3,4,3,3,4,4,3,2, ,1,2,2,4,3,3, ,2,1,2,4,1,0,0,0,0
703,100905,8500005,A,2,4,4,4,2,3,3,3,4,1,1,4,1,2,1,2,2,3,2,1,4,1,4,1,2,3,2,3,1,2,2,4,3,4,2,1,3,3,3,3,0,0,0,0
704,100907,8500007,A,2,4,2,4,3,1,3,1,1, , , ,3,2,3,2,2,1,3, ,3,2,1,4,2,2,4,4,2,4,1,4, , ,4,3,3,4,3,2,0,0,0,0
705,100909,8500009,A,1,1,3,3,2,4,3,4,3,4,4,4,3,2,3,1,2,1,3,3,4,3,1,1,4,4,2,3,1,2,2,4,3,3,2,4,1,1,4,1,0,0,0,0
706,100910,***0010,B,3,2,4,2,3,4,4,2,3,1,2,4,1,1,1,2,2,3,2,4,1,4,3,2,1,4,2,2,2,3,3,2,3,1,3,4,1,2,2,3,0,0,0,0
707,100912,8500012,B,3,1,3,2,2,4,1,2, ,4,1,1,2,1,4,3,4,2,4,4,4,2,3,2,4,2,2,1,4,2,3,4,2,4,4,1,2,3,4,2,0,0,0,0
708,100916,8500016,B,2,2,3,3,4,4,1,3,1,4,4,2,2,2,1,2,4,1,4,3,4,4,4,4,4,2,2,3,4,2,3,4,4,2,3,4,4,2,2,4,0,0,0,0
709,100918,8500018,B,1,3,2,2,1,4,3,2,3,3,2,3,3,4,3,4,3,1,4,3,3,2,3,2,4,2,2,2,3,3,1,2,2,4,1,3,1,1,4,1,0,0,0,0
710,100919,8500019,A,2,4,4,4,2,1,4,4,3,3,2,2,3,1,1,1,1,1,2,1,3,1,2,3,4,3,2,4,4,4,2,4,1,4,4,1,2,3,1,3,0,0,0,0
711,100921,8500021,A,2,4,4,3,2,1,2,3,3,3,1,4,1,3,1,3,1,3,2,4,1,1,2,3,4,1,4,3,2,2,2,2,1,1,2,3,4,1,1,3,0,0,0,0
712,100922,8500022,B,2,3,1,2,4,4,3,3,1,2,4,1,3,4,2,4,4,4,3,3,4,2,3,4,2,3,2,1,3,4,4,3,2,3,3,3,2,2,3,2,0,0,0,0
713,100926,8*00026,B,3,3,2,2,3,4,4,3,2,1,4,3,4,4,3,3, ,3,3,2,4,2,3,2,4,4,2, ,1,2,1,2, ,4,3, , , , ,1,0,0,0,0
714,100927,8500027,A, ,4,4,4,2,3,1,1,3,4,1,4,1,2,1,2,2,1,2,4,3,1,2,3,2,4,1,1,3, ,3,4,3,2,2, ,3,3,4,3,0,0,0,0
715,100928,8500028,B,3,2,3,1,2,3,4, ,2,2,4,1,2,1,3,3,1,2,1,1,4,2,3,2,3,2,4,3, ,1,4,2,2,1,3,3,3,3,3,3,0,0,0,0
716,100931,8500031,A,2,3,4,4, ,4,1,4,2,2,1,4,4,2,4, ,1,3,4,3,1,2,1, ,4,1, ,1,1,4,1,4, , , , , , , , ,0,0,0,0
717,100932,8500032,B,3,2,1,1,3,2,3,3,2,1,4,1,4,1,3,3,1,3,3,1,4,2,3,2,4,4,2, ,1,2,1,2,2,4,3,2,1,2,4,1,0,0,0,0
718,100933,8500033,A,2,4,1,3,2,1,4,3,2,1,3,1,4,2,4,3,2,1,2,3,4,4,2,4,4,4,2,1,2,4,1,4,1,1,4,1,4,3,4,3,0,0,0,0
719,100935,8500035,A,2,2,4,4,2,3,2,3,4,3,2,3,2,4,3,1,2,1,4,2,1,2,2,4,2,3,3,1,3,4,3,3,4,2,4,2,4,1,3,4,0,0,0,0
720,100936,8500036,B,2,3,1,2,4,4,3,2,1,1,1,3,2,3,3,2,2,2,4,3,3,4,3,2,3,2,3,2,3,2, ,4,3,3,3,3,3,4,3,2,0,0,0,0
721,100939,8500039,A,3,4,4,4,2,2,4,3,2,2,3,1,2,3,4,3,3,1,2,1,3,1,2,3,3,1,2,1,3,4,2,4,1,1,3, ,2,4,2,1,0,0,0,0
722,100940,8500040,B,2,4,1,3,2,1,4,3,2,1,3,1,4,3,4,3,2,1,2,3,4,4,1,4,4,4,2,2,2,4,4,2,1,1,3,1, ,4,1,1,0,0,0,0
723,101141,8500041,A,3,4,4,4,2,2,4,4,2,3,3,3,3,3,1,1,2,2,2,3,3,1,1,3,3,3,3,3,3,1,3,3,3,3,4,4,4,4,3,3,0,0,0,0
724,101143,8500043,A,2,2,4,4,3,4,2,4,3,4,1,4,3,1,1,2,4,3,2,3,2,1,2,3,4,4,2,2,3,2,1,2,1,2,3,1,3,3,1,3,0,0,0,0
725,101147,8500047,A,2,4,4, ,2, , ,2,3, ,3,2,3,1,1,4,2,3,4,1, ,1,2,1, ,3,2,2,3,4,2, , , , , , , , , ,0,0,0,0
726,101148,8500048,B,2,3,2,2,3,4,4,2,2,4,2,4,2,3,3,2,4,1,1,3,3,2,1,2,3,4,3,4,2,2,2,2,2,2,2,2,2,2,2,2,0,0,0,0
727,101150,8500050,B, , , ,2,4,4,3, , , , , , , , , , , , , , , , , , , , , , , , , , , , , , , , , ,0,0,0,0
728,101154,8500054,B,3,2,4,2,4,4,3,4,1,4,2,4,3,3,3,2,1,3,2,3,1,4,3,2,4,2,4,3,4,4,4,2,2,3,1,3, ,4, , ,0,0,0,0
729,101155,8500055,A,3,4,4,4,2,2,4,2,3, , , , , , , , , , , , , , , , , , , , , , , , , , , , , , , ,0,0,0,0
730,101158,       ,B, , ,4,2,1,4, ,2, ,4,4,2,4,4,3,4, ,1,1, ,1, ,1,1, ,3, , ,1, , , , , ,1,3, , , , ,0,0,0,0
731,101160,8500060,B,2,4,4,2,4,4,3,4,1,3,4,3,2,1,2,4,3,2,4,2,3,3,1,3,2,3,2,2,1,3,3,2,2,3,4,3,3,1,2,3,0,0,0,0
732,101122,8500062,B,2,2,1,2,3,2,4,3,1,1,2,4,1,3,1,3,3,2,1,1,4,2,3,2,2,2,2,1,4,2,3,2,3,3,3,3,2,2,1,2,0,0,0,0
733,101129,8500069,A, ,3,1,4,2,2,1,3,2,2,1,4,3,3,4,3,1,3,4,3,3,4,2,4,4,2,2,1,4,3,1,4,3,3,2,3,2,3,2,3,0,0,0,0
734,101133,8500073,A,2,3,1,3,2,3,4,3,2,3,4,4,4,4,4,2,3,1,4,3,2,4,2,4,3,2,3,3,2,1,3,2,4,3,2,3,1,3,4,2,0,0,0,0
735,101136,8500076,B,4,2,2,2,4,4,1,2,3,2,4,1,2,4,1,3,2,2,4,3,1,4,1,1,4,2,3,3,1,3,3,1,2,2,3,2,3,1,3,4,0,0,0,0
736,101138,8500078,B,2,2,2,2,2,2,4,2,2,1,4,1,2,3,1,3,4,2,1,1,4,2,3,4,1,2,2,1,2,2,1,4,3,4,1,4,1,2,1,4,0,0,0,0
737,101101,8500081,A,3,1,2,3,3,1,1,3,1,4,3,2,3, ,2,2,1,3,4,3, ,3,2,2,3,1,4,2,2,2,2,2,2,2,2,2,2,*,3,3,0,0,0,0
738,101140,8500080,B,4,2,2,2,4,4,4,3,1,1,3,1,4,3,1,3,4,2,4,4,1,4,4,2,1,1,1,1,3,2,3,4,3,1,1,3,3,4,3,2,0,0,0,0
739,101104,8500083,B,2, , ,2,3,2, ,2, ,1,2, ,2,3,3, , ,1,4,4,1,4,1,2,4,2,2,1,2,4,4,1,2,3,4,3, , , , ,0,0,0,0
740,101110,8500090,*,4,3,4,3,3,2,3,1, ,2, ,*,4, ,2,3,3,3,3,4,4,4,1,2,4,3,2,4,3,2,1,2,4,3,3,3,2,2,3,4,0,0,0,0
741,101111,8500091,A,3,4,4,4,3,2,2,3,3,1,1,4,1,3,1,1,2,3,2,4,1,4,4,3,3,4,2,1,2,3,2,4,1,4,2,4,2,3,1,3,0,0,0,0
742,101114,8500094,B, ,1,1,2,4,4,2,2,2,1,2,4,4,1,2,3,3,2,1,1,1,2,4,4,1,2,3,1,1,2,3,2,1,4,1,3,2,2,1,4,0,0,0,0
743,101116,8500096,B,3,4,4,3,2,4,3,2,1,4,1,3,4,2,2,3,2,3,4,1,3,1,1,4,1,2,3,1,1,2,3,2,1,4,1,3,2,2,1,4,0,0,0,0
744,101118,8500098,B,2,4,4,2,1,2,4,2,1,1,1,1,2,2,4,2,4,3,1,3,4,2,3,2,2,2,1,1,2,4,1,2,3,3,3,3,3,2,1,4,0,0,0,0
745,101119,8500099,A,2,4,4,4,2,2,3,1,3, , , , , , , ,3,3,3,4,2,1,2,3,4,1,1,4,3,2,2,4,1,2,4,2,4,2,2,3,0,0,0,0
746,101120,8500100,B,3,4,2,2,4,2,1,2,1,4,2,1,2,4,1,3,4,2,4, ,1,2,3,2, ,2,2, ,2,4,3,4,2,3,1, ,3,2,3,4,0,0,0,0
747,101082,8500102,B,2,1,4,3,1,4,1,2,1,2,3,3,4,4, , ,4,2,1,1,4,2,3,2,4,2,1,4,4,4,2,4, ,1,1, , ,3, , ,0,0,0,0
748,101084,8500104,B,2,1,4,3,3,2,4,2,3,1,3,1,4,1,1,3,2,2,1,1,4,2,3,4,2,2,1,2,1,3,2,2,3,1,3,3,4,2,1,4,0,0,0,0
749,101086,8500106,B,4,2,1,2,3,3,4,2,2,1,1,3,4,1,4,3,4,2,4,2,4,2,1,4, ,3,2,3,2,1,3,4,3,2,3,1,3,4,2,3,0,0,0,0
750,101087,8500107,A,3,4,2,4,2, ,4,3,2,1,1,4,1,3,1,3,4,3,2,3, ,1,2,2,2,4, ,3,1, ,3,4,1,4,2, ,3,2,1,1,0,0,0,0
751,101089,8500109,A,1,3,4,4,2,3,4,1,2,3,1,4,1,2,4,1,2,1,2,3,2,3,2,1,3,1,4,3,2,1,2,4,3,3,4,1,4,4,3,1,0,0,0,0
752,101091,8500111,A,2,4,4,4,2,1,4,3,1,1,1,2,1,2,1,3,4,3,2,3,2,1,2,3,4,3,2,2,3,2,2,4,3,2,3,2,4,3,3,2,0,0,0,0
753,101094,8500114,B,2,3,2,2,4,4,2,2,3,4,1,3,2,3,1,2,4,3,4,4,1,2,3,2,4,2,2,1,2,2,4,3,2,2,2,3,2,4,3,2,0,0,0,0
754,101098,8500118,B,1,2,4,3,4,4,1,4,1,4,2,3,3,3,1,4,3,2,4,1,4,1,2,1,4,1,3,2,3,4,2,4,3,2,4,4,3,2,4,3,0,0,0,0
755,101099,8500119,A,4,4,3,2,1,4,4,3,1,3,2,4,3,4,1, ,4,4,1,2,4,4,1,2,1,3,2,3, ,2,3,3,3,1,1,2,3,2,3,3,0,0,0,0
756,101100,8500120,B,2,4,1,3,4,4,2,2,3,4,1,3,2,3,1,2,4,1,4,4,4,2,1,2,1,2,2,1,2,2,4,4, ,1,1,4,1,2,1,3,0,0,0,0
757,100945,8500121,A,2,4,4,4,2,3,1,3,2,1,2,3,4,2,2,1,1,3,4,3,4,2,2,3,2,1,2,4,1,2,2,4,2,3,4,2,1,4,2,3,0,0,0,0
758,100946,8500122,B,3,4,*,2,4,4,4,2,3,1,4,1,4,4,3,2,4,1,1,4,4,4,3,2,3,1,4,1,3,3,3,2,3,1,1,3,3,2,3,3,0,0,0,0
759,100947,8500123,A,4,4,3,4,2,2,2,3,4,3,1,2,3,2, , ,2,3,4,4,2,1,1,1,2, ,2,4,1,3,2,3,3,4,4,2,3,2,4,2,0,0,0,0
760,100948,***0***,B,4,4,4,2, ,3,3, , ,4,1,4,4,*,1,2,4, ,4,4,4, , , , ,1,4,4,3,3,*,2,4, , ,3,3,2,3,3,0,0,0,0
761,100950,850012,B,4,4,4,2,4,1,4,2,3,3,2,4,4,1,1,2,4,2,1,4,4,4,1,2,3,1,2,3,3,3,4,2,4,1,2,3,2,3,4,4,0,0,0,0
762,100951,8500127,A,2,4,3,4,2,1,2,3,2,3,1,4,1,2,1,2,1,3,3,3,1,4,2,3,2,1,2,2,3,4,3,4,1,1,3,2,3,3,3,3,0,0,0,0
763,100954,8500130,B,3,1,3,4,2,1,4,3,1,1,2,4,4,1,2,2,3,2,4,4,1,2,1,1,4,2,3,4,4,2,2,3,3,3,3,1,3,2,2,3,0,0,0,0
764,100959,8500135,A,3,4,4,3,4,1,1,2,3,4,1,2,1,3,1,2,2,1,2,4,3,1,2,4,4,1,1,2,2,1,2,4,1,3,4,1,1,3,1,2,0,0,0,0
765,100960,8500*36,B,3,4,1,4,1,4,1,2, ,2,2,1,4,4,1,1,1, ,1,3,1, ,1,3,3, ,4,2,2,2,3,4,1,1,4,1,3,4,2,3,0,0,0,0
766,101022,8500138,B,3,2,1,3,1,3,3,4,1,2,4,2,3,2,2,4,2,3,1,4,2,3,3,1,4,2,1,4,2,4,4,2, ,2,3,1,2,3,2,3,0,0,0,0
767,101023,8500139,A,4,4,4,2,2,1,1,3,3,4,1,2,1,1,1,2,2,3,2,4,3,4,2,3,2,1,4,2,4,1,2,3,3,4,1,4,*,4,1,3,0,0,0,0
768,101026,8500142,B,3,2,1,2,1,4,1,3,4,1,2,1,4,4,1,1,1,1,1,3,3,4,1,2,2,2,4,2,2,2,4,4,1,1,4,1,3,4,2,3,0,0,0,0
769,101027,8500143,A,2,4,4,4,2,4,4,4,2,2,1,4,1,2,1,4,2,3,4,4,4,1,3,3,4,3,2,2,1,2,2,1,2,4,3,3,1,1,3,4,0,0,0,0
770,101062,8500146,B,2,1,4,4,4,4,4,2,3,1,2,4,1,2,4,3,3,2,1,1,4,2,1,2,2,2,2,2,3,2,1,2,4,1,3,1,2,3,3,4,0,0,0,0
771,101063,8500147,A,2,2,1,4,2, ,1,4,4,3,2,3,3,1,2, ,2,4,2,4, ,1,2,4,2,1,4,3,1,4,2,2,4, ,2, ,2,3,2,2,0,0,0,0
772,101064,8500148,B,4,2,2,2,4,4,3, ,1,4,1,3,1,4,2,2,4,4,2,1,3,2,2,1,4,2,2,1,3,1,2,4,3,4,2,2,4,2,3,1,0,0,0,0
773,101066,9850015,B,3,2,2,2,1,3,3,2,3,1,2,1,1,4,3,1,2,2,4,4,1,2,3,2,3,2,4,1,3,4,1,4,4,1,3,2,2,2,1,4,0,0,0,0
774,101067,8500151,A,2,3,4,4,2,2,1,4,2,3,1,2,3,2,4,1,4,3,2,4,4,3,2,3,2,1,2,1,1,2,3,4,4,1,4,1,3,1,4,4,0,0,0,0
775,101069,8500153,A,2,4,4,3,2,1,3,4,3,4,1,2,4,2,1,1,2,3,2,1,3,1,4,4,4,2,2,2,2,2,1,4,3,2,1,3,2,3,3,1,0,0,0,0
776,101073,8500157,A,2,4,4,3,2,4,2,4,3,2,3,1,2,2,1,3,2,3,2,1,4,3,2,3,4,3,2,2,1,1,2,4,1,1,3,2,1,3,1,1,0,0,0,0
777,101075,8500159,A,2,4,4,4,2,1,2,3,3,4,1,4,1,2,1,3,4,1,3,1,3,1,4,4,1,3,2,2,1,1,2,4,1,4,2,2,2,1,4,3,0,0,0,0
778,101076,8500160,B,4,3,1,3,2,2,4,3,3,3,3,3,3,3,3,3,3,2,4,3,3,4,3,3,4,2,2,3,2,2,3,4,3,1,3,4,3,2,1, ,0,0,0,0
779,101078,8500162,B,2,4,1,2,4,4,1,2,1,4,2,1,3,3,4,1,4,4,4,4,1,2,2,1,3,1,2,4,2,1,1,*,2,4,2,4,3,3,2,1,0,0,0,0
780,101079,     0*,A,4,3,4,4,2,1,4,3,2,3,2,2,3,3,4,3,3,1,3,1,3,2,2,1,4,2,3,2,4,3,2,4, ,2,1,2,3,2, , ,0,0,0,0
781,101029,8500169,A,3,4,4,4,2,3,3,3,4,3,3,3,4,1,3,3,2,3,2,4,1,3,2,3,4,1,2,2,4,2,2,3,4,3,4,2,4,4,1,4,0,0,0,0
782,101034,8500174,B,4,3,1,2,4,4,3,2,1,1,1,1,4,1,4,3,3,2,2,4,1,4,3,2,4,2,2,4,3,2,3,4,1,3, , , ,2,4, ,0,0,0,0
783,101036,8500176,B,2,1,2,2,4,4,4,2,1,1,1,1,4,2,1,3,2,1,1,1,1,2,3,2,3,2,4,1,4,3,3,2,2,3,3,2,3,2,3,4,0,0,0,0
784,101037,8500177,A,3,3,3,4,3,1,4,4,2,1,2,3,1,1,1,1,1,2,4,1,4,3,2,1,2,1,4,1,1,4,4,2,2,2,2,3,4,4,1,2,0,0,0,0
785,101038,8500178,B,3,2,4,2,4,2,3,2,3,1,2,3,2,1,2,4,4,4,3,3,1,4,1,2,2,3,3,3,1,3,1,3,2,2,3,2,1,4,2,4,0,0,0,0
786,101039,8500179,A,3,4,1,3,2,2,3,*,4,4,4,4,3,3,1,2,2,1,2,3,1,3,3,4,4,3, ,2,2,2,2,4,1,4,3,2,3,1,1,3,0,0,0,0
787,101040,8500180,B,3,1,3,3,1,2,3,1,2,2,1,3,3,4,3,4,3,2,1,1,1,3,3,3,3,4,2,3,3,2,4,2,3,1,3,2,3,2,1,4,0,0,0,0
788,101005,8500185,A,3,4,1,3,2,1,1,3,2,4,4,4,3,3,1,2,2,3,2,4,1,1,2,3,4,4,2,2,2,2,2,4,1,4,2,2,3,1,1,3,0,0,0,0
789,101006,8500186,B,3,1,1,2,4,4,1,3, , , , , , , , , , , , , , , , , , , , , , , , ,3,1,3,2,3,2,1,4,0,0,0,0
790,101008,8500188,B,2,3,3,2,4,4,4,1,2,2,2,2,2,2,3,3,1,3,3,3,3, ,4,3,3,3,3,1,3,2,4,2,3,3,3,3,3,3,3,3,0,0,0,0
791,101012,8500192,B,4,2,3, ,2,3,2,4, ,2,4,2,1,3,3,1,4,2,4,1,4,3,3,2,3,3,1,3,2,3,4,3,3,1,1, , , ,2, ,0,0,0,0
792,101014,8500194,B,3, ,4,2, ,4,2,3, ,1,2,1,2,1,2,1,2, ,1,1,1,2,3,1,4,1,4,4, ,2,3,2,3,3,3, , , , , ,0,0,0,0
793,101015,8500195,A,2,4,4,2,2,3,2,3,4,2,1,2,2,2,1,2,2,3,2,3,1,1,1,4,4,1,2,3,*,4,4, , , , , , , , , ,0,0,0,0
794,101017,8500197,A,2, ,4,4,2,4,2,3,3,3,2,4, ,2,3,2,2,1,4,1,4,1,3,3,4,1,2,2,3,3,2,4,3,4,1,4,4,2,3,3,0,0,0,0
795,101018,8500198,B, ,3,2,2,4,1,4,2,1,2,1,3,3,4,1,1,4,2,4,1,4,1,1,1,1,2,1,2,2,2,3,2,3,2,3,1,2,2,2,3,0,0,0,0
796,101019,850019,A,4,4,1,4,3,4,3,2,2,*,3,*,2,*,3,2,2,3,2,3,*,1,4, , , , , , , , , , , , , , , , , ,0,0,0,0
797,101020,8500200,B,4,1, , ,4,4,3,2, , ,2,4, , , , ,4,1,4, ,1,4,3,2, , , , , ,3, , , , ,4, , , , , ,0,0,0,0
798,100981,8500201,A,2,4,2,4,2,1,4,3,1,1,2, ,1,4,1,3,1,1,2,1,1,1,2,4,4,4,3,2,4,4,2,2, , ,3, , , , , ,0,0,0,0
799,100984,8500204, , , ,4,2,4,4, ,2,3,1,2,2,4, ,2,3,3,3,4,2,4,3, ,2,1,4,3,1,4,3,2,2,4,1,3,3,2,3,3,2,0,0,0,0
800,100986,8500206,B,2,4, , , , , , , , , ,3,2,1, , ,1,4,1,4,1,2,1,3,3,1,3,4,4,3,2,4,2,3,4,2,1,1,4,2,0,0,0,0
801,100988,8500208,B,4,3,4,2,4,4,4,2,3,1,2,2,4, ,2,3,1,3,4,1,4,2,2,3,2, ,3,3,3,4,4, ,3,1,3,3,3, , , ,0,0,0,0
802,100989,8500209,A,4,4,4,4,2,4, , ,3,4,3,4,2,2,1,3, , , ,4, ,1, , ,4,1,2,4,2,2,1,3, , , , , , , , ,0,0,0,0
803,100990,8500210,B,2,1,4,4, ,1,4,2,4,1,1, , , ,3,2,3,2, ,3,1, , ,3, ,3,1, , ,2,3,4,3, ,3,1, ,2,3,1,0,0,0,0
804,100992,8500212,B,4,4,3,1,3,4,4,4,3,1,4,4,3,4,3,2,1,2,1,4,3,2,4,1,3,2,4,2,1,2,3,4,2,4,1,4,2,4,4,1,0,0,0,0
805,100994,8500214,B,2,3,4,2,4,4,4,2,3,1,2,2,4,4, , ,1,3,4,2,4,2,1,1,4,2,1,3,4,2,4,2,3,2,1,4,2,1,2,1,0,0,0,0
806,100996,8500216,B,2,1,4,2,4,4,3,2,3,2,3,2,3,2,3,3,2,3,2,3,2,3,3,4, , , , , ,2, , ,3, ,3,1, ,2, ,1,0,0,0,0
807,100999,9850021,A,2,2,4,4,2,2,2,2,4,2,3, , , ,1,1, , , ,3, , , , , , , ,3,4,3,2,*, , ,2, ,2,3, , ,0,0,0,0
808,101000,8500220,B,2,2,4,4,2,4,2,3,2,2,1,1,4,3,3,2,4,1,4,3,1,1,2,3,1,4,4,2,3,3,1,1,4,3,2,3,2,1,1,4,0,0,0,0
809,100962,8500222, ,2,1,3,2,4,4,1,3,1,1,1,1,4,4,4,4,2,2,1,4,3,2,1,3,4,2,4,1,3,2,3,4,3,1,3,1,4,2,2,1,0,0,0,0
810,100965,8500225,A,2,4,2,4,3,4,2,3,3,1,1,2,2,2,1,1,2,3,4,3,3,4,2,4,2,4,3,1,4,3,2,3,2,4,3, ,2,4,1,3,0,0,0,0
811,100964,8500226,B,3,4,2,2,4,4,*,2, ,4,1,2,3,2,3,3,1,*,4,3,1,3,2,1,*,2,4,1,3,4,3,2,3,2,2,3,2,2,3,3,0,0,0,0
812,100967,9850022,A,2,4,3,4,3,2,1,2,2,4,1,4, ,1,1,2,3,1,2,1, ,1, ,4,4,3,2,3,3,3,2,4,1,2,2,3,2,4,3,3,0,0,0,0
813,100968,8500228,B,2,1,3,2,4,4,1,3,1,1,1,1,4,4,4,2,1,2,1,4,3,2,1,3,4,2,3,1,4,2,3,4,3,3,3,4,4,2,1,4,0,0,0,0
